experiment_id,dataset_size,extreme_value_ratio,repetition,final_weight,final_bias,training_iterations,convergence_status,converged,execution_time,dataset_mean,extreme_value_count,validation_passed,training_final_loss,training_final_mae,training_initial_loss,training_loss_improvement,training_initial_weight,training_final_weight,training_weight_change,training_weight_std,weight_deviation_from_mean,bias_deviation_from_mean,weight_deviation_from_expected,bias_deviation_from_expected,relative_execution_time
exp_10_00_01,10,0.0,1,2.080583095550537,0.4689895510673523,50,converged,True,3.202263355255127,4.999999999999999,3,True,0.07026244699954987,0.22101807594299316,158.15884399414062,158.08858154714108,1.4172745943069458,2.080583095550537,0.6633085012435913,0.09823257476091385,0.034070920944214045,-0.2507009208202362,0.08058309555053711,-0.5310104489326477,1.0675388717573218
exp_10_00_02,10,0.0,2,2.101020336151123,0.4463701546192169,50,converged,True,3.0088798999786377,5.000000000000001,0,True,0.027859047055244446,0.12958483397960663,137.98138427734375,137.9535252302885,1.1735695600509644,2.101020336151123,0.9274507761001587,0.14209701120853424,0.05450816154479998,-0.2733203172683716,0.10102033615112305,-0.5536298453807831,1.0030706089195365
exp_10_00_03,10,0.0,3,2.084625482559204,0.46279022097587585,50,converged,True,3.001530170440674,5.0,1,True,0.06334386765956879,0.22116093337535858,152.19027709960938,152.1269332319498,1.3693104982376099,2.084625482559204,0.7153149843215942,0.10652939975261688,0.03811330795288104,-0.25690025091171265,0.0846254825592041,-0.5372097790241241,1.0006204288099576
exp_10_00_04,10,0.0,4,2.0992915630340576,0.4381759464740753,50,converged,True,3.016636848449707,5.0,1,True,0.03804835304617882,0.15587325394153595,131.56637573242188,131.5283273793757,1.2470893859863281,2.0992915630340576,0.8522021770477295,0.12969912588596344,0.05277938842773455,-0.2815145254135132,0.09929156303405762,-0.5618240535259247,1.0056565436477016
exp_10_00_05,10,0.0,5,2.0991883277893066,0.44468313455581665,50,converged,True,3.099061965942383,5.0,1,True,0.03417014330625534,0.14232344925403595,136.84632873535156,136.8121585920453,1.2117462158203125,2.0991883277893066,0.8874421119689941,0.1353447586297989,0.052676153182983576,-0.27500733733177185,0.09918832778930664,-0.5553168654441833,1.0331346137409048
exp_10_00_06,10,0.0,6,2.1098005771636963,0.4228801429271698,50,converged,True,2.9210562705993652,5.0,0,True,0.01684705540537834,0.09243988990783691,121.2803955078125,121.26354845240712,1.1740483045578003,2.1098005771636963,0.935752272605896,0.14476028084754944,0.06328840255737322,-0.2968103289604187,0.10980057716369629,-0.5771198570728302,0.973792836350543
exp_10_00_07,10,0.0,7,2.1065242290496826,0.4276202619075775,50,converged,True,3.139866352081299,4.999999999999999,0,True,0.02361113391816616,0.11020050197839737,124.32186126708984,124.29825013317168,1.1948977708816528,2.1065242290496826,0.9116264581680298,0.14031746983528137,0.06001205444335955,-0.292070209980011,0.10652422904968262,-0.5723797380924225,1.0467375762424127
exp_10_00_08,10,0.0,8,2.1032633781433105,0.424600213766098,50,converged,True,2.9753000736236572,5.0,0,True,0.03523608297109604,0.1680946797132492,121.4609375,121.4257014170289,1.2606714963912964,2.1032633781433105,0.8425918817520142,0.12868039309978485,0.05675120353698748,-0.2950902581214905,0.10326337814331055,-0.575399786233902,0.9918760986735338
exp_10_00_09,10,0.0,9,2.088258743286133,0.4586586356163025,50,converged,True,2.966137170791626,5.000000000000002,2,True,0.05601267144083977,0.19767963886260986,148.66009521484375,148.6040825434029,1.321996808052063,2.088258743286133,0.7662619352340698,0.11477641761302948,0.04174656867980975,-0.261031836271286,0.08825874328613281,-0.5413413643836975,0.9888214607920878
exp_10_00_10,10,0.0,10,2.089634656906128,0.45364701747894287,50,converged,True,2.992267370223999,5.000000000000002,1,True,0.055482167750597,0.18380403518676758,143.7509307861328,143.69544861838222,1.3258860111236572,2.089634656906128,0.7637486457824707,0.11454852670431137,0.043122482299804865,-0.26604345440864563,0.08963465690612793,-0.5463529825210571,0.9975324881268796
exp_10_25_01,10,0.25,1,2.0805130004882812,0.46952107548713684,50,converged,True,3.0395374298095703,5.0,2,True,0.07009293138980865,0.20981252193450928,158.8253936767578,158.755300745368,1.4155044555664062,2.0805130004882812,0.665008544921875,0.09848179668188095,0.044135317802429075,-0.291153393983841,0.08051300048828125,-0.5304789245128632,1.0132909128657661
exp_10_25_02,10,0.25,2,2.0891385078430176,0.4476650655269623,50,converged,True,3.0259621143341064,5.0,2,True,0.060905903577804565,0.2000264823436737,137.11297607421875,137.05207017064095,1.371362328529358,2.0891385078430176,0.7177761793136597,0.10739052295684814,0.0527608251571654,-0.31300940394401555,0.08913850784301758,-0.5523349344730377,1.0087653085170032
exp_10_25_03,10,0.25,3,2.083968162536621,0.4623057246208191,50,converged,True,3.0897600650787354,5.0,3,True,0.06548752635717392,0.20127920806407928,151.33480834960938,151.2693208232522,1.3859399557113647,2.083968162536621,0.6980282068252563,0.10382472723722458,0.04759047985076892,-0.29836874485015874,0.0839681625366211,-0.5376942753791809,1.0300336380710302
exp_10_25_04,10,0.25,4,2.06765079498291,0.48846662044525146,50,converged,True,2.985341787338257,5.000000000000001,2,True,0.09142286330461502,0.2714780867099762,178.94070434570312,178.8492814823985,1.6180692911148071,2.06765079498291,0.449581503868103,0.06593040376901627,0.03127311229705798,-0.27220784902572637,0.06765079498291016,-0.5115333795547485,0.9952237058313903
exp_10_25_05,10,0.25,5,2.091935873031616,0.4504172205924988,50,converged,True,2.972291946411133,4.999999999999999,2,True,0.05112577602267265,0.17613595724105835,141.1228485107422,141.07172273471951,1.302394151687622,2.091935873031616,0.7895417213439941,0.11884299665689468,0.055558190345764036,-0.31025724887847905,0.09193587303161621,-0.5495827794075012,0.9908732789881101
exp_10_25_06,10,0.25,6,2.0916762351989746,0.45056116580963135,50,converged,True,3.090492010116577,5.0,1,True,0.051766086369752884,0.17825299501419067,141.1976318359375,141.14586574956775,1.3062859773635864,2.0916762351989746,0.7853902578353882,0.11816219985485077,0.055298552513122434,-0.3101133036613465,0.09167623519897461,-0.5494388341903687,1.0302776466653276
exp_10_25_07,10,0.25,7,2.0793845653533936,0.47120240330696106,50,converged,True,3.055706262588501,4.999999999999999,1,True,0.07202325016260147,0.2324279099702835,160.5074005126953,160.4353772625327,1.4302648305892944,2.0793845653533936,0.6491197347640991,0.09598777443170547,0.04300688266754138,-0.2894720661640168,0.07938456535339355,-0.5287975966930389,1.0186811183509352
exp_10_25_08,10,0.25,8,2.075831413269043,0.4716966152191162,50,converged,True,3.009040117263794,4.978105062522798,3,True,0.08225007355213165,0.24966053664684296,155.6239776611328,155.54172758758068,1.5086777210235596,2.075831413269043,0.5671536922454834,0.08358819037675858,0.039453730583190794,-0.2889778542518616,0.07583141326904297,-0.5283033847808838,1.0031240205727507
exp_10_25_09,10,0.25,9,2.0812482833862305,0.46252718567848206,50,converged,True,3.0106163024902344,5.0,2,True,0.0728548988699913,0.24539652466773987,150.00201416015625,149.92915926128626,1.4428353309631348,2.0812482833862305,0.6384129524230957,0.09455273300409317,0.044870600700378294,-0.2981472837924958,0.08124828338623047,-0.5374728143215179,1.0036494736075718
exp_10_25_10,10,0.25,10,2.094268798828125,0.44241970777511597,50,converged,True,2.8767571449279785,5.0,2,True,0.04976488649845123,0.1539161056280136,134.07345581054688,134.02369092404842,1.307707667350769,2.094268798828125,0.786561131477356,0.11865982413291931,0.057891116142272825,-0.31825476169586187,0.094268798828125,-0.557580292224884,0.9590248321632983
exp_10_50_01,10,0.5,1,2.082456111907959,0.462421715259552,50,converged,True,2.9683094024658203,5.000000000000001,2,True,0.0695890337228775,0.20970973372459412,150.6730499267578,150.60346089303493,1.4172568321228027,2.082456111907959,0.6651992797851562,0.09869775176048279,0.052496933937072665,-0.3209840351343155,0.08245611190795898,-0.537578284740448,0.9895456178939263
exp_10_50_02,10,0.5,2,2.081885576248169,0.4577298164367676,50,converged,True,2.953742742538452,5.000000000000002,2,True,0.07440611720085144,0.2196156233549118,144.12484741210938,144.05044129490852,1.4585763216018677,2.081885576248169,0.6233092546463013,0.09234488755464554,0.051926398277282626,-0.32567593395709993,0.08188557624816895,-0.5422701835632324,0.9846895289409
exp_10_50_03,10,0.5,3,2.0817768573760986,0.4712890088558197,50,converged,True,3.0099148750305176,5.0,2,True,0.06546103954315186,0.2053336650133133,161.57028198242188,161.50482094287872,1.3767708539962769,2.0817768573760986,0.7050060033798218,0.10465709120035172,0.051817679405212314,-0.3121167415380478,0.08177685737609863,-0.5287109911441803,1.0034156386615056
exp_10_50_04,10,0.5,4,2.080744743347168,0.4693199694156647,50,converged,True,3.0679566860198975,5.0,2,True,0.06959737837314606,0.2239479124546051,158.67166137695312,158.60206399857998,1.411634922027588,2.080744743347168,0.6691098213195801,0.09912202507257462,0.05078556537628165,-0.31408578097820283,0.08074474334716797,-0.5306800305843353,1.0227650432995317
exp_10_50_05,10,0.5,5,2.0728800296783447,0.47569701075553894,50,converged,True,2.849486827850342,5.0,3,True,0.08650964498519897,0.23642969131469727,162.00100708007812,161.91449743509293,1.5583127737045288,2.0728800296783447,0.5145672559738159,0.07560820877552032,0.04292085170745841,-0.30770873963832857,0.07288002967834473,-0.5243029892444611,0.9499337236891156
exp_10_50_06,10,0.5,6,2.0763728618621826,0.4665174186229706,50,converged,True,3.044835090637207,5.000000000000001,3,True,0.0834897980093956,0.23278293013572693,151.19830322265625,151.11481342464685,1.5296415090560913,2.0763728618621826,0.5467313528060913,0.08054731786251068,0.0464136838912963,-0.3168883317708969,0.07637286186218262,-0.5334825813770294,1.0150569946134171
exp_10_50_07,10,0.5,7,2.0783021450042725,0.4650047719478607,50,converged,True,3.0566234588623047,5.000000000000001,2,True,0.07925590872764587,0.24129998683929443,150.96141052246094,150.8821546137333,1.493781566619873,2.0783021450042725,0.5845205783843994,0.08626692742109299,0.04834296703338614,-0.3184009784460068,0.07830214500427246,-0.5349952280521393,1.0189868841692618
exp_10_50_08,10,0.5,8,2.080428123474121,0.4666304588317871,50,converged,True,2.9752161502838135,5.0,2,True,0.07229489088058472,0.2365846186876297,154.92982482910156,154.85752993822098,1.435444951057434,2.080428123474121,0.644983172416687,0.09546370804309845,0.050468945503234774,-0.3167752915620804,0.0804281234741211,-0.5333695411682129,0.9918481211408977
exp_10_50_09,10,0.5,9,2.0833799839019775,0.4564685821533203,50,converged,True,3.001270055770874,5.0,2,True,0.07110880315303802,0.21461495757102966,143.71102905273438,143.63992024958134,1.4342591762542725,2.0833799839019775,0.6491208076477051,0.09635928273200989,0.05342080593109122,-0.3269371682405472,0.08337998390197754,-0.5435314178466797,1.0005337143551112
exp_10_50_10,10,0.5,10,2.0692672729492188,0.4844995141029358,50,converged,True,2.981274127960205,4.999999999999999,3,True,0.08995544165372849,0.2591899037361145,173.3423614501953,173.25240600854158,1.59817373752594,2.0692672729492188,0.4710935354232788,0.06910292059183121,0.03930809497833243,-0.2989062362909317,0.06926727294921875,-0.5155004858970642,0.9938676697964364
exp_10_75_01,10,0.75,1,2.0590529441833496,0.5038015842437744,50,converged,True,2.9177682399749756,5.0,4,True,0.10277332365512848,0.2704980969429016,200.2791748046875,200.17640148103237,1.788712978363037,2.0590529441833496,0.2703399658203125,0.04047245904803276,0.034384217262267924,-0.2993747389316559,0.05905294418334961,-0.4961984157562256,0.9726967052352479
exp_10_75_02,10,0.75,2,2.057823657989502,0.5060619711875916,50,converged,True,3.0056307315826416,4.973227402507277,5,True,0.10507844388484955,0.26540422439575195,198.97805786132812,198.87297941744328,1.8104238510131836,2.057823657989502,0.24739980697631836,0.037348274141550064,0.03315493106842027,-0.29711435198783875,0.05782365798950195,-0.49393802881240845,1.001987433309411
exp_10_75_03,10,0.75,3,2.0674076080322266,0.4794119596481323,50,converged,True,2.9354794025421143,5.000000000000001,3,False,0.09854070842266083,0.2525803744792938,160.6272430419922,160.52870233356953,1.6808277368545532,2.0674076080322266,0.38657987117767334,0.0569593571126461,0.04273888111114488,-0.323764363527298,0.06740760803222656,-0.5205880403518677,0.9786010773642314
exp_10_75_04,10,0.75,4,2.0638177394866943,0.49331122636795044,50,converged,True,3.1389431953430176,4.999999999999999,4,True,0.09800872951745987,0.2546766400337219,183.57839965820312,183.48039092868567,1.700053095817566,2.0638177394866943,0.3637646436691284,0.05359746515750885,0.03914901256561265,-0.30986509680747987,0.06381773948669434,-0.5066887736320496,1.046429823383416
exp_10_75_05,10,0.75,5,2.069490432739258,0.4847784638404846,50,converged,True,3.2782535552978516,5.0,3,False,0.08916831016540527,0.24137628078460693,174.11753845214844,174.02837014198303,1.5903337001800537,2.069490432739258,0.4791567325592041,0.0702759325504303,0.04482170581817613,-0.3183978593349457,0.06949043273925781,-0.5152215361595154,1.0928717327430044
exp_10_75_06,10,0.75,6,2.0616815090179443,0.4944516122341156,50,converged,True,2.8447909355163574,4.995125680170968,3,True,0.10290324687957764,0.2712697386741638,181.45394897460938,181.3510457277298,1.7579768896102905,2.0616815090179443,0.3037046194076538,0.04516125097870827,0.03701278209686265,-0.3087247109413147,0.061681509017944336,-0.5055483877658844,0.9483682535675252
exp_10_75_07,10,0.75,7,2.0661139488220215,0.4861498177051544,50,converged,True,2.9801948070526123,4.999999999999999,3,True,0.09711875021457672,0.2564206123352051,172.0687713623047,171.9716526120901,1.6762681007385254,2.0661139488220215,0.3898458480834961,0.05736507475376129,0.0414452219009398,-0.3170265054702759,0.06611394882202148,-0.5138501822948456,0.9935078564718811
exp_10_75_08,10,0.75,8,2.0662660598754883,0.48393309116363525,50,converged,True,2.921428680419922,5.000000000000001,3,True,0.09831131994724274,0.2641756534576416,167.74195861816406,167.64364729821682,1.6854593753814697,2.0662660598754883,0.38080668449401855,0.05609545111656189,0.041597332954406596,-0.31924323201179505,0.06626605987548828,-0.5160669088363647,0.9739169866516155
exp_10_75_09,10,0.75,9,2.06618070602417,0.4931351840496063,50,converged,True,2.868046760559082,5.000000000000001,4,False,0.09198211133480072,0.22015419602394104,186.46531677246094,186.37333466112614,1.6308269500732422,2.06618070602417,0.43535375595092773,0.06382455676794052,0.04151197910308824,-0.310041139125824,0.06618070602416992,-0.5068648159503937,0.956121050409532
exp_10_75_10,10,0.75,10,2.073652505874634,0.47829344868659973,50,converged,True,2.982318162918091,5.0,3,False,0.08261711895465851,0.21320918202400208,167.07791137695312,166.99529425799847,1.5224143266677856,2.073652505874634,0.5512381792068481,0.08101295679807663,0.048983778953552104,-0.3248828744888306,0.07365250587463379,-0.5217065513134003,0.9942157198402242
exp_10_100_01,10,1.0,1,2.0542678833007812,0.5111876130104065,50,converged,True,2.9831907749176025,5.0,5,True,0.10955467075109482,0.24728676676750183,210.44619750976562,210.33664283901453,1.9157675504684448,2.0542678833007812,0.13850033283233643,0.022747661918401718,0.0332645273208616,-0.3009318804740906,0.05426788330078125,-0.4888123869895935,0.9945066225943378
exp_10_100_02,10,1.0,2,2.0565989017486572,0.5048602819442749,50,converged,True,3.019716262817383,5.0,5,True,0.10826180130243301,0.2494123876094818,197.75401306152344,197.645751260221,1.8667395114898682,2.0565989017486572,0.18985939025878906,0.029532311484217644,0.03559554576873758,-0.3072592115402222,0.05659890174865723,-0.4951397180557251,1.0066831283395408
exp_10_100_03,10,1.0,3,2.0570311546325684,0.5044119358062744,50,converged,True,2.8571650981903076,4.999999999999998,5,True,0.10748632252216339,0.2493511140346527,197.56631469726562,197.45882837474346,1.8542283773422241,2.0570311546325684,0.20280277729034424,0.031268589198589325,0.03602779865264871,-0.30770755767822267,0.05703115463256836,-0.4955880641937256,0.9524934294804345
exp_10_100_04,10,1.0,4,2.057279348373413,0.49828633666038513,50,converged,True,3.0996296405792236,5.0,5,True,0.11133898794651031,0.2528955340385437,181.1694793701172,181.05814038217068,1.879551887512207,2.057279348373413,0.17772746086120605,0.02796029858291149,0.03627599239349344,-0.31383315682411195,0.057279348373413086,-0.5017136633396149,1.0333238594943321
exp_10_100_05,10,1.0,5,2.0517327785491943,0.512134850025177,50,converged,True,2.870957612991333,5.000000000000002,5,True,0.11523206532001495,0.24817562103271484,205.78515625,205.66992418467999,2.0062530040740967,2.0517327785491943,0.045479774475097656,0.011895096860826015,0.03072942256927469,-0.2999846434593201,0.051732778549194336,-0.487865149974823,0.9570914415912184
exp_10_100_06,10,1.0,6,2.057882785797119,0.4997203052043915,50,converged,True,2.969836473464966,5.0,5,True,0.10872989892959595,0.2516290843486786,186.81216430664062,186.70343440771103,1.851553201675415,2.057882785797119,0.2063295841217041,0.03177079185843468,0.036879429817199494,-0.3123991882801056,0.05788278579711914,-0.5002796947956085,0.990054697713625
exp_10_100_07,10,1.0,7,2.057049036026001,0.5084254145622253,50,converged,True,3.0131163597106934,5.0,5,True,0.10454022884368896,0.24724224209785461,208.7532958984375,208.6487556695938,1.8305937051773071,2.057049036026001,0.22645533084869385,0.034440044313669205,0.03604568004608133,-0.30369407892227174,0.05704903602600098,-0.49157458543777466,1.0044829179462698
exp_10_100_08,10,1.0,8,2.0534162521362305,0.5110969543457031,50,converged,True,2.918694496154785,4.9899354503695195,5,True,0.11203918606042862,0.24777336418628693,205.8422088623047,205.73016967624426,1.9447005987167358,2.0534162521362305,0.10871565341949463,0.019009742885828018,0.03241289615631082,-0.30102253913879395,0.05341625213623047,-0.4889030456542969,0.973005491355393
exp_10_100_09,10,1.0,9,2.053302526473999,0.5122328996658325,50,converged,True,3.039721965789795,4.999999999999998,5,True,0.11121837049722672,0.24736197292804718,211.0887908935547,210.97757252305746,1.9462970495224,2.053302526473999,0.10700547695159912,0.0187697671353817,0.03229917049407938,-0.29988659381866456,0.05330252647399902,-0.4877671003341675,1.0133524316449147
exp_10_100_10,10,1.0,10,2.054462194442749,0.5076935887336731,50,converged,True,2.95143723487854,4.999999999999999,5,True,0.1116165742278099,0.24916735291481018,200.2576446533203,200.1460280790925,1.9272620677947998,2.054462194442749,0.12720012664794922,0.021332373842597008,0.03345883846282938,-0.304425904750824,0.05446219444274902,-0.4923064112663269,0.9839209416096765
exp_50_00_01,50,0.0,1,2.0806612968444824,0.5237061977386475,50,converged,True,3.0132627487182617,4.999999999999999,6,True,0.035103920847177505,0.1612367182970047,96.71267700195312,96.67757308110595,1.7879688739776611,2.0806612968444824,0.2926924228668213,0.04343816637992859,0.03414912223815936,-0.19598427414894104,0.08066129684448242,-0.47629380226135254,0.9758910916864557
exp_50_00_02,50,0.0,2,2.074150562286377,0.55026775598526,50,converged,True,3.0895450115203857,5.000000000000001,8,True,0.03714384883642197,0.1633685678243637,98.60624694824219,98.56910309940577,1.8052783012390137,2.074150562286377,0.2688722610473633,0.040803439915180206,0.02763838768005389,-0.1694227159023285,0.07415056228637695,-0.44973224401474,1.0005962657553096
exp_50_00_03,50,0.0,3,2.07899808883667,0.5241124033927917,50,converged,True,3.195183038711548,5.000000000000001,6,True,0.03964158520102501,0.1695740818977356,93.13319396972656,93.09355238452554,1.8234965801239014,2.07899808883667,0.25550150871276855,0.038488615304231644,0.03248591423034686,-0.19557806849479675,0.07899808883666992,-0.47588759660720825,1.034808751779981
exp_50_00_04,50,0.0,4,2.0764670372009277,0.520722508430481,50,converged,True,3.1408514976501465,5.000000000000001,7,True,0.03870488703250885,0.15660829842090607,93.26183319091797,93.22312830388546,1.8671107292175293,2.0764670372009277,0.20935630798339844,0.031667474657297134,0.02995486259460467,-0.19896796345710754,0.07646703720092773,-0.47927749156951904,1.0172126536826704
exp_50_00_05,50,0.0,5,2.0700912475585938,0.5487351417541504,50,converged,True,3.116870164871216,4.999999999999999,8,True,0.03828343003988266,0.16441971063613892,96.49441528320312,96.45613185316324,1.8562946319580078,2.0700912475585938,0.21379661560058594,0.032794289290905,0.023579072952270685,-0.1709553301334381,0.07009124755859375,-0.4512648582458496,1.0094459333607597
exp_50_00_06,50,0.0,6,2.076023578643799,0.5526881217956543,50,converged,True,3.082746982574463,5.000000000000001,10,True,0.039609163999557495,0.16696760058403015,112.70618438720703,112.66657522320747,1.7941358089447021,2.076023578643799,0.2818877696990967,0.0425693579018116,0.029511404037475764,-0.1670023500919342,0.07602357864379883,-0.4473118782043457,0.9983946204151631
exp_50_00_07,50,0.0,7,2.079014778137207,0.545657217502594,50,converged,True,3.1526026725769043,5.000000000000001,6,True,0.04121432453393936,0.17567339539527893,110.41360473632812,110.37239041179419,1.7976441383361816,2.079014778137207,0.2813706398010254,0.0426526740193367,0.03250260353088397,-0.1740332543849945,0.07901477813720703,-0.454342782497406,1.0210184508813218
exp_50_00_08,50,0.0,8,2.075410842895508,0.536754846572876,50,converged,True,3.0378429889678955,4.999999999999999,6,True,0.04109551012516022,0.17434844374656677,97.8252182006836,97.78412269055843,1.8382710218429565,2.075410842895508,0.23713982105255127,0.036102138459682465,0.028898668289184748,-0.18293562531471252,0.07541084289550781,-0.463245153427124,0.9838517773257462
exp_50_00_09,50,0.0,9,2.0728414058685303,0.5475112199783325,50,converged,True,2.9826529026031494,5.000000000000001,7,True,0.03890281543135643,0.15808413922786713,93.36177825927734,93.32287544384599,1.8292346000671387,2.0728414058685303,0.2436068058013916,0.03732634335756302,0.02632923126220721,-0.17217925190925598,0.07284140586853027,-0.4524887800216675,0.9659776262396281
exp_50_00_10,50,0.0,10,2.0746209621429443,0.5383660197257996,50,converged,True,3.0622520446777344,5.0,7,True,0.04136945307254791,0.16925595700740814,94.54705047607422,94.50568102300167,1.8431339263916016,2.0746209621429443,0.23148703575134277,0.03547888621687889,0.02810878753662127,-0.18132445216178894,0.07462096214294434,-0.46163398027420044,0.991757022241359
exp_50_25_01,50,0.25,1,2.0543503761291504,0.6154076457023621,50,converged,True,3.1323955059051514,4.999999999999999,14,True,0.04243208095431328,0.16384319961071014,110.45399475097656,110.41156267002225,1.9137681722640991,2.0543503761291504,0.14058220386505127,0.025017263367772102,0.017972693443298215,-0.14526682376861577,0.05435037612915039,-0.38459235429763794,1.0144740518070707
exp_50_25_02,50,0.25,2,2.0609936714172363,0.5989699959754944,50,converged,True,3.468383550643921,4.999999999999999,10,True,0.04220343753695488,0.16924329102039337,106.32061767578125,106.2784142382443,1.8889826536178589,2.0609936714172363,0.17201101779937744,0.029243256896734238,0.024615988731384153,-0.16170447349548345,0.06099367141723633,-0.4010300040245056,1.1232889037190679
exp_50_25_03,50,0.25,3,2.067338705062866,0.561790943145752,50,converged,True,3.194640874862671,5.0,8,True,0.04581248760223389,0.17409290373325348,103.05242919921875,103.00661671161652,1.8973278999328613,2.067338705062866,0.17001080513000488,0.027623657137155533,0.030961022377014036,-0.19888352632522588,0.06733870506286621,-0.43820905685424805,1.0346331637498372
exp_50_25_04,50,0.25,4,2.0637965202331543,0.5803436040878296,50,converged,True,3.0260157585144043,5.000000000000002,11,True,0.04411106929183006,0.16911090910434723,103.47335052490234,103.42923945561051,1.8841074705123901,2.0637965202331543,0.17968904972076416,0.029499990865588188,0.027418837547302122,-0.18033086538314824,0.0637965202331543,-0.4196563959121704,0.9800213483849596
exp_50_25_05,50,0.25,5,2.0642049312591553,0.5662861466407776,50,converged,True,2.96086049079895,5.000000000000001,10,True,0.04239248111844063,0.16478094458580017,98.54955291748047,98.50716043636203,1.9074757099151611,2.0642049312591553,0.15672922134399414,0.025607679039239883,0.0278272485733031,-0.19438832283020024,0.06420493125915527,-0.4337138533592224,0.958919821355163
exp_50_25_06,50,0.25,6,2.067593574523926,0.5711091160774231,50,converged,True,3.2820444107055664,5.0,7,True,0.044552162289619446,0.1811791956424713,105.01953887939453,104.97498671710491,1.866806983947754,2.067593574523926,0.20078659057617188,0.0322241447865963,0.031215891838073606,-0.18956535339355474,0.06759357452392578,-0.4288908839225769,1.0629401316859264
exp_50_25_07,50,0.25,7,2.0537919998168945,0.609390139579773,50,converged,True,3.1719133853912354,4.99498506030237,13,True,0.04464003071188927,0.17646078765392303,105.9135513305664,105.86891129985452,1.945411205291748,2.0537919998168945,0.10838079452514648,0.020828142762184143,0.017414317131042356,-0.15128432989120488,0.05379199981689453,-0.39060986042022705,1.027272519703444
exp_50_25_08,50,0.25,8,2.057058334350586,0.594237744808197,50,converged,True,3.040031909942627,5.000000000000001,11,True,0.04500894621014595,0.17839618027210236,103.46643829345703,103.42142934724689,1.9438865184783936,2.057058334350586,0.11317181587219238,0.02095196768641472,0.020680651664733762,-0.1664367246627808,0.05705833435058594,-0.405762255191803,0.9845606927631918
exp_50_25_09,50,0.25,9,2.0569589138031006,0.6072178483009338,50,converged,True,2.9615800380706787,4.998104240220092,11,True,0.043248146772384644,0.17769938707351685,120.1854476928711,120.14219954609871,1.908268928527832,2.0569589138031006,0.14868998527526855,0.02558840624988079,0.02058123111724841,-0.153456621170044,0.056958913803100586,-0.39278215169906616,0.9591528577117919
exp_50_25_10,50,0.25,10,2.061830759048462,0.5885021090507507,50,converged,True,3.223358154296875,4.999999999999999,10,True,0.040725480765104294,0.1623346209526062,102.82435607910156,102.78363059833646,1.868614912033081,2.061830759048462,0.19321584701538086,0.031234227120876312,0.02545307636260974,-0.1721723604202271,0.061830759048461914,-0.41149789094924927,1.0439336926165055
exp_50_50_01,50,0.5,1,2.0490920543670654,0.6234079003334045,50,converged,True,3.0764217376708984,4.9993257788048675,19,True,0.05102447420358658,0.18860791623592377,111.89860534667969,111.8475808724761,2.038639545440674,2.0490920543670654,0.010452508926391602,0.012979619204998016,0.01913287639617911,-0.15999785006046296,0.04909205436706543,-0.37659209966659546,0.9963460933968176
exp_50_50_02,50,0.5,2,2.0534937381744385,0.6208348274230957,50,converged,True,3.0660104751586914,4.999999999999999,16,False,0.045645952224731445,0.17152710258960724,115.17857360839844,115.1329276561737,1.9445542097091675,2.0534937381744385,0.108939528465271,0.02187245711684227,0.023534560203552157,-0.1625709229707718,0.05349373817443848,-0.3791651725769043,0.9929742472665078
exp_50_50_03,50,0.5,3,2.051729440689087,0.6257664561271667,50,converged,True,3.089063882827759,5.0,17,True,0.04987471178174019,0.1858481615781784,113.56934356689453,113.51946885511279,1.9886877536773682,2.051729440689087,0.06304168701171875,0.017885172739624977,0.021770262718200595,-0.15763929426670076,0.051729440689086914,-0.37423354387283325,1.0004404448912683
exp_50_50_04,50,0.5,4,2.0517547130584717,0.6343342661857605,50,converged,True,3.1821963787078857,5.0,15,True,0.04487340897321701,0.18203148245811462,127.1349868774414,127.09011346846819,1.9642277956008911,2.0517547130584717,0.08752691745758057,0.02013789676129818,0.02179553508758536,-0.149071484208107,0.05175471305847168,-0.3656657338142395,1.0306028238987417
exp_50_50_05,50,0.5,5,2.045180320739746,0.6631600260734558,50,converged,True,3.007232189178467,4.999999999999999,17,True,0.03964480012655258,0.1674828678369522,140.49856567382812,140.45892087370157,1.9851047992706299,2.045180320739746,0.06007552146911621,0.01759626716375351,0.015221142768859774,-0.1202457243204117,0.045180320739746094,-0.3368399739265442,0.9739380030169482
exp_50_50_06,50,0.5,6,2.0518198013305664,0.6181864142417908,50,converged,True,2.9756903648376465,4.999586033191639,14,True,0.048056308180093765,0.18880712985992432,111.63957977294922,111.59152346476912,1.980690836906433,2.0518198013305664,0.0711289644241333,0.017415374517440796,0.021860623359680087,-0.16521933615207673,0.051819801330566406,-0.38181358575820923,0.9637227022095962
exp_50_50_07,50,0.5,7,2.0531232357025146,0.6233996748924255,50,converged,True,3.0401949882507324,4.993116764071511,15,True,0.05037849396467209,0.19588612020015717,121.70870971679688,121.6583312228322,1.978824257850647,2.0531232357025146,0.07429897785186768,0.018736787140369415,0.02316405773162833,-0.16000607550144197,0.05312323570251465,-0.37660032510757446,0.9846135081601216
exp_50_50_08,50,0.5,8,2.046231508255005,0.6247212886810303,50,converged,True,3.1241567134857178,4.999999999999999,15,True,0.05014091357588768,0.18532642722129822,100.15355682373047,100.10341591015458,2.0694186687469482,2.046231508255005,-0.02318716049194336,0.011849530972540379,0.016272330284118564,-0.15868446171283723,0.04623150825500488,-0.3752787113189697,1.011805793245218
exp_50_50_09,50,0.5,9,2.042323589324951,0.652420699596405,50,converged,True,2.9955434799194336,4.954329590935347,19,True,0.04607829079031944,0.18221692740917206,103.85235595703125,103.80627766624093,2.0128049850463867,2.042323589324951,0.029518604278564453,0.014659600332379341,0.012364411354064853,-0.13098505079746248,0.04232358932495117,-0.34757930040359497,0.9701524362773549
exp_50_50_10,50,0.5,10,2.0475215911865234,0.6368889808654785,50,converged,True,3.155892848968506,4.983019786097762,14,True,0.046861015260219574,0.18434062600135803,111.76406860351562,111.7172075882554,1.9888969659805298,2.0475215911865234,0.05862462520599365,0.016878163442015648,0.017562413215637118,-0.146516769528389,0.04752159118652344,-0.3631110191345215,1.0220840246790288
exp_50_75_01,50,0.75,1,2.0396766662597656,0.6706076860427856,50,converged,True,3.0163371562957764,4.995243937709796,19,True,0.04467703029513359,0.17588825523853302,131.80136108398438,131.75668405368924,2.032512903213501,2.0396766662597656,0.0071637630462646484,0.013973159715533257,0.01500793933868394,-0.13256863713264466,0.039676666259765625,-0.32939231395721436,0.9768867854633712
exp_50_75_02,50,0.75,2,2.038508176803589,0.6818752288818359,50,converged,True,3.191380739212036,4.983048443305556,23,True,0.04439651966094971,0.1740838587284088,143.63453674316406,143.5901402235031,2.0686066150665283,2.038508176803589,-0.030098438262939453,0.014506105333566666,0.013839449882507182,-0.12130109429359437,0.03850817680358887,-0.31812477111816406,1.0335773191041961
exp_50_75_03,50,0.75,3,2.038435697555542,0.6813785433769226,50,converged,True,2.966216564178467,4.994318762669371,22,True,0.04348583519458771,0.17090308666229248,138.34912109375,138.3056352585554,2.065500497817993,2.038435697555542,-0.027064800262451172,0.014380308799445629,0.013766970634460307,-0.1217977797985077,0.03843569755554199,-0.3186214566230774,0.9606544673961405
exp_50_75_04,50,0.75,4,2.0419368743896484,0.657113790512085,50,converged,True,3.0204670429229736,4.999999999999999,20,True,0.046694692224264145,0.17276333272457123,121.64804077148438,121.60134607926011,2.031628131866455,2.0419368743896484,0.01030874252319336,0.013805119320750237,0.017268147468566752,-0.14606253266334535,0.04193687438964844,-0.34288620948791504,0.9782243122259714
exp_50_75_05,50,0.75,5,2.0408518314361572,0.6477214694023132,50,converged,True,3.087322950363159,4.998836872016811,20,True,0.051988281309604645,0.18228457868099213,110.1878890991211,110.13590081781149,2.1379001140594482,2.0408518314361572,-0.09704828262329102,0.016615964472293854,0.01618310451507554,-0.15545485377311707,0.04085183143615723,-0.35227853059768677,0.9998766173643945
exp_50_75_06,50,0.75,6,2.0461859703063965,0.6326849460601807,50,converged,True,2.990629196166992,4.999999999999999,19,False,0.05054332688450813,0.17406103014945984,111.88922882080078,111.83868549391627,2.0590925216674805,2.0461859703063965,-0.012906551361083984,0.012451129034161568,0.0215172433853148,-0.17049137711524964,0.046185970306396484,-0.36731505393981934,0.968560870544142
exp_50_75_07,50,0.75,7,2.0407874584198,0.6761921048164368,50,converged,True,3.0156917572021484,4.9904414988345565,22,True,0.04560670256614685,0.17787988483905792,128.883544921875,128.83793821930885,2.1567325592041016,2.0407874584198,-0.11594510078430176,0.02035617083311081,0.01611873149871812,-0.12698421835899354,0.040787458419799805,-0.32380789518356323,0.9766777631249369
exp_50_75_08,50,0.75,8,2.0399935245513916,0.6817963123321533,50,converged,True,3.007734775543213,5.000000000000001,20,True,0.04019680619239807,0.16316217184066772,142.73593139648438,142.69573459029198,2.0711328983306885,2.0399935245513916,-0.031139373779296875,0.014535179361701012,0.015324797630309916,-0.12138001084327699,0.0399935245513916,-0.3182036876678467,0.9741007732753226
exp_50_75_09,50,0.75,9,2.039318084716797,0.661729633808136,50,converged,True,3.004211664199829,5.0,20,True,0.04620131105184555,0.16994708776474,115.15933227539062,115.11313096433878,2.0512912273406982,2.039318084716797,-0.011973142623901367,0.012752954848110676,0.01464935779571519,-0.14144668936729432,0.039318084716796875,-0.338270366191864,0.9729597599413576
exp_50_75_10,50,0.75,10,2.0409388542175293,0.6413565874099731,50,converged,True,3.070432424545288,5.000000000000001,20,True,0.0514267235994339,0.1812397837638855,103.71916198730469,103.66773526370525,2.155386447906494,2.0409388542175293,-0.11444759368896484,0.017928391695022583,0.016270127296447612,-0.16181973576545716,0.0409388542175293,-0.35864341259002686,0.9944063630075276
exp_50_100_01,50,1.0,1,2.0358502864837646,0.6748933792114258,50,converged,True,3.011866569519043,5.000000000000001,25,True,0.049076858907938004,0.1650993674993515,114.567626953125,114.51855009421706,2.0896756649017334,2.0358502864837646,-0.05382537841796875,0.014403938315808773,0.014846930503845002,-0.1372261142730713,0.03585028648376465,-0.3251066207885742,0.9754389177618635
exp_50_100_02,50,1.0,2,2.0345327854156494,0.687588632106781,50,converged,True,3.0250396728515625,5.0,25,True,0.04498596489429474,0.15827064216136932,134.8863067626953,134.84132079780102,2.068652629852295,2.0345327854156494,-0.03411984443664551,0.01368094701319933,0.013529429435729767,-0.12453086137771607,0.034532785415649414,-0.312411367893219,0.9797052281583065
exp_50_100_03,50,1.0,3,2.035191297531128,0.6730645895004272,50,converged,True,3.1131627559661865,5.000000000000001,25,True,0.04947357997298241,0.1648682802915573,116.55691528320312,116.50744170323014,2.134488105773926,2.035191297531128,-0.09929680824279785,0.017061620950698853,0.014187941551208283,-0.13905490398406983,0.03519129753112793,-0.32693541049957275,1.0082452324510245
exp_50_100_04,50,1.0,4,2.036098003387451,0.6743766069412231,50,converged,True,3.285130023956299,5.0,25,True,0.04817432910203934,0.1640617698431015,118.11781311035156,118.06963878124952,2.086440086364746,2.036098003387451,-0.05034208297729492,0.014030395075678825,0.015094647407531525,-0.13774288654327393,0.03609800338745117,-0.32562339305877686,1.0639394545909935
exp_50_100_05,50,1.0,5,2.035492420196533,0.6810895800590515,50,converged,True,3.031525135040283,5.0,25,True,0.04686679318547249,0.16196434199810028,122.80084991455078,122.75398312136531,2.0719187259674072,2.035492420196533,-0.03642630577087402,0.013955754227936268,0.014489064216613556,-0.13102991342544557,0.0354924201965332,-0.3189104199409485,0.9818056439876709
exp_50_100_06,50,1.0,6,2.035959005355835,0.6812165379524231,50,converged,True,3.1532516479492188,4.999516628723826,25,True,0.046245694160461426,0.1619618833065033,126.91686248779297,126.87061679363251,2.066784620285034,2.035959005355835,-0.03082561492919922,0.013880535028874874,0.014955649375915314,-0.13090295553207398,0.03595900535583496,-0.3187834620475769,1.0212286314521448
exp_50_100_07,50,1.0,7,2.0349624156951904,0.6914935111999512,50,converged,True,3.0903594493865967,5.000000000000001,25,True,0.044158048927783966,0.15876489877700806,141.91824340820312,141.87408535927534,2.0788395404815674,2.0349624156951904,-0.04387712478637695,0.014561735093593597,0.013959059715270783,-0.12062598228454591,0.03496241569519043,-0.30850648880004883,1.0008600338779885
exp_50_100_08,50,1.0,8,2.033844470977783,0.7001051306724548,50,converged,True,3.016660451889038,5.0,25,True,0.041531991213560104,0.15356943011283875,149.73785400390625,149.6963220126927,2.1042022705078125,2.033844470977783,-0.0703577995300293,0.015892526134848595,0.012841114997863556,-0.11201436281204225,0.0338444709777832,-0.29989486932754517,0.9769914896713198
exp_50_100_09,50,1.0,9,2.0341243743896484,0.6902087330818176,50,converged,True,3.106294631958008,4.994293072049193,25,True,0.04537911340594292,0.1584639698266983,134.97850036621094,134.933121252805,2.0731449127197266,2.0341243743896484,-0.039020538330078125,0.014089973643422127,0.01312101840972879,-0.12191076040267945,0.03412437438964844,-0.3097912669181824,1.0060208857560573
exp_50_100_10,50,1.0,10,2.0369784832000732,0.6860684752464294,50,converged,True,3.1340441703796387,5.000000000000001,25,True,0.04424417391419411,0.16194424033164978,134.1788787841797,134.1346346102655,2.0992159843444824,2.0369784832000732,-0.06223750114440918,0.01582169532775879,0.015975127220153595,-0.12605101823806764,0.03697848320007324,-0.31393152475357056,1.015007996938313
exp_100_00_01,100,0.0,1,2.0605313777923584,0.6635805368423462,50,converged,True,3.285198211669922,5.000000000000001,14,True,0.0191974937915802,0.11813512444496155,53.5334358215332,53.51423832774162,2.052915334701538,2.0605313777923584,0.0076160430908203125,0.015353736467659473,0.014019203186035334,-0.05610993504524231,0.0605313777923584,-0.3364194631576538,1.0056722662396156
exp_100_00_02,100,0.0,2,2.060535430908203,0.6493932008743286,50,converged,True,3.412902593612671,5.000000000000001,10,True,0.01995881460607052,0.12002147734165192,50.076881408691406,50.056922594085336,2.0579018592834473,2.060535430908203,0.0026335716247558594,0.013175695203244686,0.01402325630188006,-0.07029727101325989,0.060535430908203125,-0.3506067991256714,1.044765418896548
exp_100_00_03,100,0.0,3,2.0478763580322266,0.6979184150695801,50,converged,True,3.130577802658081,5.0,15,True,0.01804702915251255,0.11267763376235962,48.6490592956543,48.631012266501784,2.0691277980804443,2.0478763580322266,-0.021251440048217773,0.015359636396169662,0.001364183425903498,-0.021772056818008423,0.04787635803222656,-0.3020815849304199,0.9583395188317225
exp_100_00_04,100,0.0,4,2.0632736682891846,0.6551581025123596,50,converged,True,3.494767189025879,5.0,6,True,0.015568775124847889,0.09941757470369339,55.45536804199219,55.43979926686734,2.0349483489990234,2.0632736682891846,0.028325319290161133,0.015897531062364578,0.016761493682861506,-0.06453236937522888,0.06327366828918457,-0.3448418974876404,1.0698259929896226
exp_100_00_05,100,0.0,5,2.0590922832489014,0.6597907543182373,50,converged,True,3.325188636779785,5.000000000000001,11,True,0.018727071583271027,0.1147008165717125,56.62571334838867,56.6069862768054,2.0501935482025146,2.0590922832489014,0.008898735046386719,0.01380753330886364,0.012580108642578303,-0.059899717569351196,0.05909228324890137,-0.3402092456817627,1.0179142251282023
exp_100_00_06,100,0.0,6,2.0512757301330566,0.6560001373291016,50,converged,True,3.3409271240234375,4.999999999999999,15,True,0.02243775874376297,0.12440589815378189,50.62583923339844,50.603401474654675,2.081145763397217,2.0512757301330566,-0.029870033264160156,0.011812697164714336,0.004763555526733576,-0.06369033455848694,0.05127573013305664,-0.34399986267089844,1.0227321262451827
exp_100_00_07,100,0.0,7,2.0299103260040283,0.6896352767944336,50,converged,True,3.267036199569702,5.000000000000001,13,True,0.02427086979150772,0.1355152279138565,51.919151306152344,51.894880436360836,2.1226422786712646,2.0299103260040283,-0.09273195266723633,0.014214592054486275,-0.016601848602294744,-0.030055195093154907,0.02991032600402832,-0.3103647232055664,1.0001124702420965
exp_100_00_08,100,0.0,8,2.056863784790039,0.6352111101150513,50,converged,True,3.2547214031219482,5.000000000000001,12,True,0.024984123185276985,0.13177452981472015,51.74385070800781,51.718866584822536,2.0832996368408203,2.056863784790039,-0.02643585205078125,0.012976945377886295,0.010351610183715998,-0.08447936177253723,0.05686378479003906,-0.36478888988494873,0.9963426370527629
exp_100_00_09,100,0.0,9,2.056732654571533,0.6167631149291992,50,converged,True,3.1262118816375732,5.0,10,True,0.02459206059575081,0.12688559293746948,47.12008285522461,47.09549079462886,2.0860893726348877,2.056732654571533,-0.029356718063354492,0.011364682577550411,0.010220479965210139,-0.10292735695838928,0.0567326545715332,-0.3832368850708008,0.9570030132682772
exp_100_00_10,100,0.0,10,2.0466067790985107,0.6605362296104431,50,converged,True,3.2598822116851807,4.999999999999999,11,True,0.021027298644185066,0.11826017498970032,52.76339340209961,52.742366103455424,2.085479259490967,2.0466067790985107,-0.038872480392456055,0.01242210902273655,9.460449218767764e-05,-0.059154242277145386,0.04660677909851074,-0.3394637703895569,0.997922475378797
exp_100_25_01,100,0.25,1,2.0396177768707275,0.7417283058166504,50,converged,True,3.1942098140716553,4.995416583123427,21,True,0.01810748502612114,0.1120152547955513,64.59928131103516,64.58117382600904,2.086400032043457,2.0396177768707275,-0.04678225517272949,0.018057677894830704,0.003240094184875364,-0.01894616365432744,0.03961777687072754,-0.2582716941833496,0.9778186932986858
exp_100_25_02,100,0.25,2,2.0368077754974365,0.7308657169342041,50,converged,True,3.163041830062866,4.999197057091248,23,True,0.019851312041282654,0.11685517430305481,56.844356536865234,56.82450522482395,2.0882105827331543,2.0368077754974365,-0.05140280723571777,0.01548265665769577,0.0004300928115843483,-0.02980875253677373,0.03680777549743652,-0.2691342830657959,0.9682774799250471
exp_100_25_03,100,0.25,3,2.0387542247772217,0.7602960467338562,50,converged,True,3.1541483402252197,4.990800539282027,20,True,0.01626019924879074,0.10887729376554489,55.52631378173828,55.51005358248949,2.0838897228240967,2.0387542247772217,-0.045135498046875,0.019629281014204025,0.0023765420913695046,-0.0003784227371216309,0.03875422477722168,-0.2397039532661438,0.9655549848110434
exp_100_25_04,100,0.25,4,2.037738084793091,0.77724689245224,50,converged,True,3.408627986907959,4.988653332548569,23,True,0.014644132927060127,0.10390226542949677,59.23064041137695,59.21599627844989,2.0844361782073975,2.037738084793091,-0.04669809341430664,0.021555330604314804,0.0013604021072386452,0.016572422981262158,0.03773808479309082,-0.22275310754776,1.0434568666768553
exp_100_25_05,100,0.25,5,2.0405921936035156,0.7474260330200195,50,converged,True,3.4953362941741943,4.999999999999999,22,True,0.01686553843319416,0.10725736618041992,58.04655838012695,58.02969284169376,2.082503080368042,2.0405921936035156,-0.04191088676452637,0.019159452989697456,0.00421451091766345,-0.0132484364509583,0.040592193603515625,-0.25257396697998047,1.0700002087377627
exp_100_25_06,100,0.25,6,2.029991388320923,0.8088829517364502,50,converged,True,3.3493363857269287,4.999999999999999,22,True,0.010640360414981842,0.0872528925538063,65.4415283203125,65.43088795989752,2.083718776702881,2.029991388320923,-0.05372738838195801,0.02146425098180771,-0.0063862943649293236,0.04820848226547236,0.02999138832092285,-0.1911170482635498,1.0253063883535423
exp_100_25_07,100,0.25,7,2.0362987518310547,0.7726782560348511,50,converged,True,3.244724750518799,5.0,26,True,0.014930342324078083,0.1021074652671814,48.91946792602539,48.90453758370131,2.089174509048462,2.0362987518310547,-0.05287575721740723,0.021443605422973633,-7.893085479748763e-05,0.012003786563873242,0.03629875183105469,-0.22732174396514893,0.9932824392715431
exp_100_25_08,100,0.25,8,2.0394797325134277,0.7141340374946594,50,converged,True,3.2679989337921143,5.0,17,True,0.0205927062779665,0.11918087303638458,57.26557540893555,57.24498270265758,2.088515520095825,2.0394797325134277,-0.04903578758239746,0.015378874726593494,0.0031020498275755592,-0.04654043197631841,0.039479732513427734,-0.2858659625053406,1.0004071846078233
exp_100_25_09,100,0.25,9,2.0262091159820557,0.8016502261161804,50,converged,True,3.2721691131591797,5.000000000000001,26,True,0.011966106481850147,0.09162261337041855,56.47907257080078,56.46710646431893,2.0786311626434326,2.0262091159820557,-0.05242204666137695,0.018154079094529152,-0.010168566703796511,0.04097575664520259,0.026209115982055664,-0.19834977388381958,1.001683769296018
exp_100_25_10,100,0.25,10,2.034245729446411,0.7780376672744751,50,converged,True,3.188840627670288,5.0,21,True,0.012333869002759457,0.08955121040344238,51.998592376708984,51.986258507706225,2.0697453022003174,2.034245729446411,-0.03549957275390625,0.019071262329816818,-0.0021319532394410423,0.017363197803497266,0.03424572944641113,-0.2219623327255249,0.9761750658801194
exp_100_50_01,100,0.5,1,2.0193514823913574,0.8275881409645081,50,converged,True,3.253798246383667,5.0,27,True,0.010282176546752453,0.08334943652153015,49.55528259277344,49.545000416226685,2.0753371715545654,2.0193514823913574,-0.05598568916320801,0.016814230009913445,-0.010607695579528897,0.04418239057064055,0.019351482391357422,-0.17241185903549194,0.9960600382355032
exp_100_50_02,100,0.5,2,2.0194015502929688,0.8308694362640381,50,converged,True,3.075582265853882,4.999999999999999,29,True,0.01005254965275526,0.08191519975662231,54.529823303222656,54.5197707535699,2.0762922763824463,2.0194015502929688,-0.05689072608947754,0.016993077471852303,-0.01055762767791757,0.04746368587017058,0.01940155029296875,-0.16913056373596191,0.9415041613989575
exp_100_50_03,100,0.5,3,2.021385431289673,0.81966632604599,50,converged,True,3.146064043045044,4.999573233428932,32,True,0.011457071639597416,0.0880034863948822,74.25260162353516,74.24114455189556,2.087256908416748,2.021385431289673,-0.0658714771270752,0.018852360546588898,-0.008573746681213468,0.036260575652122484,0.02138543128967285,-0.18033367395401,0.9630802015735324
exp_100_50_04,100,0.5,4,2.0246217250823975,0.7923378348350525,50,converged,True,3.326183795928955,4.999999999999999,30,True,0.014933318831026554,0.0992043986916542,54.3250846862793,54.31015136744827,2.085812568664551,2.0246217250823975,-0.06119084358215332,0.01723819598555565,-0.005337452888488858,0.008932084441184984,0.02462172508239746,-0.2076621651649475,1.0182188654854445
exp_100_50_05,100,0.5,5,2.01981782913208,0.7991037964820862,50,converged,True,3.2318294048309326,5.000000000000001,35,True,0.014822286553680897,0.09906649589538574,53.975563049316406,53.960740762762725,2.0814294815063477,2.01981782913208,-0.06161165237426758,0.015125534497201443,-0.010141348838806241,0.015698046088218676,0.019817829132080078,-0.20089620351791382,0.9893348870429464
exp_100_50_06,100,0.5,6,2.0260486602783203,0.8104922771453857,50,converged,True,3.3111257553100586,4.999999999999999,35,True,0.013122934848070145,0.09305081516504288,53.67842102050781,53.66529808565974,2.09169602394104,2.0260486602783203,-0.06564736366271973,0.020160309970378876,-0.003910517692566007,0.027086526751518236,0.026048660278320312,-0.18950772285461426,1.0136092642198222
exp_100_50_07,100,0.5,7,2.01819109916687,0.8590637445449829,50,converged,True,3.3239798545837402,4.99995917596096,33,True,0.007232711184769869,0.070008784532547,57.26381301879883,57.25658030761406,2.0808401107788086,2.01819109916687,-0.06264901161193848,0.02042083814740181,-0.011768078804016202,0.0756579941511154,0.018191099166870117,-0.1409362554550171,1.0175441900033295
exp_100_50_08,100,0.5,8,2.022606372833252,0.7749093174934387,50,converged,True,3.1622886657714844,5.000000000000001,29,True,0.018516872078180313,0.11337947845458984,54.064308166503906,54.045791294425726,2.0808751583099365,2.022606372833252,-0.05826878547668457,0.01411904115229845,-0.007352805137634366,-0.008496432900428785,0.022606372833251953,-0.22509068250656128,0.968046919578011
exp_100_50_09,100,0.5,9,2.019472122192383,0.8364067673683167,50,converged,True,3.232351779937744,4.9648248924741765,35,True,0.010353232733905315,0.0851394459605217,59.99787902832031,59.98752579558641,2.083124876022339,2.019472122192383,-0.06365275382995605,0.018804680556058884,-0.010487055778503507,0.053001016974449144,0.019472122192382812,-0.16359323263168335,0.9894947976856675
exp_100_50_10,100,0.5,10,2.0229742527008057,0.854180634021759,50,converged,True,3.5785295963287354,4.965207584465821,32,True,0.008548111654818058,0.08092386275529861,64.47528076171875,64.46673265006393,2.109597682952881,2.0229742527008057,-0.0866234302520752,0.026124242693185806,-0.006984925270080655,0.07077488362789153,0.022974252700805664,-0.14581936597824097,1.0954675295272702
exp_100_75_01,100,0.75,1,2.0169262886047363,0.8812564611434937,50,converged,True,3.2334721088409424,5.000000000000001,40,True,0.005963325034826994,0.0650377944111824,70.10905456542969,70.10309124039486,2.1025454998016357,2.0169262886047363,-0.08561921119689941,0.024777716025710106,-0.007742438316345357,0.07808013796806335,0.016926288604736328,-0.11874353885650635,0.9898377552895682
exp_100_75_02,100,0.75,2,2.0179219245910645,0.877926766872406,50,converged,True,3.154421806335449,4.9811049438795925,39,True,0.006550294812768698,0.06999760866165161,58.14122009277344,58.13466979796067,2.1050236225128174,2.0179219245910645,-0.08710169792175293,0.02542150393128395,-0.006746802330017232,0.0747504436969757,0.017921924591064453,-0.122073233127594,0.9656386988718381
exp_100_75_03,100,0.75,3,2.0169765949249268,0.8502905368804932,50,converged,True,3.2246105670928955,4.999999999999999,39,False,0.009198307991027832,0.07535091787576675,65.38362121582031,65.37442290782928,2.080963134765625,2.0169765949249268,-0.06398653984069824,0.01861794851720333,-0.007692131996154927,0.04711421370506286,0.016976594924926758,-0.14970946311950684,0.9871250401966164
exp_100_75_04,100,0.75,4,2.01492977142334,0.8783502578735352,50,converged,True,3.277125597000122,4.999886413029944,40,True,0.006233540829271078,0.0641198456287384,65.90043640136719,65.89420286053792,2.0856571197509766,2.01492977142334,-0.07072734832763672,0.02102039009332657,-0.009738955497741841,0.07517393469810485,0.014929771423339844,-0.12164974212646484,1.0032010592784593
exp_100_75_05,100,0.75,5,2.01535964012146,0.8560928702354431,50,converged,True,3.3166401386260986,4.999079171748324,43,True,0.008838160894811153,0.07455441355705261,51.816627502441406,51.807789341546595,2.0771660804748535,2.01535964012146,-0.061806440353393555,0.01788642257452011,-0.009309086799621724,0.05291654706001281,0.015359640121459961,-0.14390712976455688,1.0152973396445122
exp_100_75_06,100,0.75,6,2.0189855098724365,0.8353762626647949,50,converged,True,3.114945888519287,4.988172174351838,42,True,0.011623965576291084,0.08813510090112686,54.77310562133789,54.7614816557616,2.0846428871154785,2.0189855098724365,-0.06565737724304199,0.018922079354524612,-0.005683217048645162,0.032199939489364615,0.018985509872436523,-0.16462373733520508,0.9535542421133253
exp_100_75_07,100,0.75,7,2.0225112438201904,0.8217543363571167,50,converged,True,3.1166701316833496,5.0,38,True,0.013443320989608765,0.09673875570297241,61.10371017456055,61.09026685357094,2.0910160541534424,2.0225112438201904,-0.06850481033325195,0.019925948232412338,-0.0021574831008912554,0.018578013181686392,0.02251124382019043,-0.1782456636428833,0.9540820713091989
exp_100_75_08,100,0.75,8,2.023205280303955,0.8367169499397278,50,converged,True,3.1352062225341797,5.0,40,True,0.0111119719222188,0.08764952421188354,56.921146392822266,56.91003442090005,2.1009891033172607,2.023205280303955,-0.07778382301330566,0.022941479459404945,-0.001463446617126607,0.033540626764297476,0.023205280303955078,-0.16328305006027222,0.9597563811353028
exp_100_75_09,100,0.75,9,2.0134315490722656,0.8993396162986755,50,converged,True,3.1987881660461426,4.986100709490397,41,True,0.004446336999535561,0.05684313923120499,63.57632827758789,63.571881940588355,2.0964972972869873,2.0134315490722656,-0.08306574821472168,0.02419806830585003,-0.01123717784881606,0.09616329312324523,0.013431549072265625,-0.10066038370132446,0.9792202287036027
exp_100_75_10,100,0.75,10,2.0133814811706543,0.8999921679496765,50,converged,True,3.2008769512176514,4.999529504205555,39,True,0.00431052828207612,0.05379673093557358,64.92376708984375,64.91945656156167,2.095191478729248,2.0133814811706543,-0.08180999755859375,0.023933637887239456,-0.011287245750427388,0.0968158447742462,0.013381481170654297,-0.10000783205032349,0.9798596523187919
exp_100_100_01,100,1.0,1,2.0164856910705566,0.8459017276763916,50,converged,True,3.062258720397949,4.999137240197608,50,True,0.011350762099027634,0.07889622449874878,76.7789535522461,76.76760279014707,2.0783531665802,2.0164856910705566,-0.061867475509643555,0.01837456226348877,-0.004517664909363006,0.03378223419189452,0.01648569107055664,-0.1540982723236084,0.9374255276941732
exp_100_100_02,100,1.0,2,2.015270709991455,0.8466880321502686,50,converged,True,3.238110065460205,4.99875229235732,50,True,0.01124141551554203,0.07836982607841492,59.04160690307617,59.03036548756063,2.074674129486084,2.015270709991455,-0.059403419494628906,0.017138689756393433,-0.005732645988464569,0.034568538665771475,0.015270709991455078,-0.15331196784973145,0.9912575370024177
exp_100_100_03,100,1.0,3,2.0137031078338623,0.8715240955352783,50,converged,True,3.0581822395324707,4.999999999999999,50,True,0.00769842928275466,0.06494604796171188,72.18435668945312,72.17665826017037,2.078328847885132,2.0137031078338623,-0.06462574005126953,0.018649151548743248,-0.007300248146057342,0.05940460205078124,0.013703107833862305,-0.12847590446472168,0.9361776262020485
exp_100_100_04,100,1.0,4,2.014714002609253,0.8665834665298462,50,converged,True,3.2250678539276123,4.998660059721168,50,True,0.00845366157591343,0.06825413554906845,66.78899383544922,66.7805401738733,2.082178831100464,2.014714002609253,-0.06746482849121094,0.01947973482310772,-0.006289353370666717,0.05446397304534911,0.01471400260925293,-0.1334165334701538,0.9872650258710751
exp_100_100_05,100,1.0,5,2.0131566524505615,0.8887612819671631,50,converged,True,3.302102565765381,5.0,50,True,0.005797056946903467,0.058327894657850266,59.950984954833984,59.94518789788708,2.0911097526550293,2.0131566524505615,-0.07795310020446777,0.02134430781006813,-0.007846703529358123,0.076641788482666,0.013156652450561523,-0.11123871803283691,1.0108470651397572
exp_100_100_06,100,1.0,6,2.017090320587158,0.840167224407196,50,converged,True,3.156879186630249,5.0,50,True,0.011882293969392776,0.08070472627878189,71.09060668945312,71.07872439548373,2.0795071125030518,2.017090320587158,-0.062416791915893555,0.018234897404909134,-0.003913035392761444,0.028047730922698966,0.017090320587158203,-0.15983277559280396,0.9663909576552823
exp_100_100_07,100,1.0,7,2.0147807598114014,0.8694478273391724,50,converged,True,3.341254472732544,5.000000000000001,50,True,0.008174962364137173,0.06768824905157089,78.84063720703125,78.83246224466711,2.085228443145752,2.0147807598114014,-0.07044768333435059,0.02024100534617901,-0.00622259616851828,0.057328333854675284,0.014780759811401367,-0.13055217266082764,1.0228323349683486
exp_100_100_08,100,1.0,8,2.0143189430236816,0.8690832257270813,50,converged,True,3.556083917617798,4.999999999999999,50,True,0.008105476386845112,0.06704346835613251,63.85529327392578,63.847187797538936,2.081922769546509,2.0143189430236816,-0.06760382652282715,0.019515912979841232,-0.006684412956238006,0.05696373224258422,0.01431894302368164,-0.1309167742729187,1.088596407871253
exp_100_100_09,100,1.0,9,2.012808322906494,0.8925145268440247,50,converged,True,3.721120595932007,4.999119871889528,50,True,0.005553189665079117,0.05729018151760101,54.130062103271484,54.124508913606405,2.0870473384857178,2.012808322906494,-0.07423901557922363,0.021538222208619118,-0.008195033073425506,0.08039503335952758,0.01280832290649414,-0.10748547315597534,1.139117807068211
exp_100_100_10,100,1.0,10,2.011092185974121,0.911446750164032,50,converged,True,3.422041893005371,5.000000000000003,50,True,0.003809673711657524,0.04775748401880264,74.1692123413086,74.16540266759694,2.0909790992736816,2.011092185974121,-0.07988691329956055,0.0228121355175972,-0.009911170005798553,0.0993272566795349,0.011092185974121094,-0.08855324983596802,1.0475631617844656
exp_500_00_01,500,0.0,1,2.0064289569854736,0.9606307148933411,50,converged,True,4.059283494949341,5.0,72,True,0.00029829167760908604,0.014573346823453903,10.268310546875,10.268012255197391,2.0996205806732178,2.0064289569854736,-0.09319162368774414,0.02618391066789627,-0.04008321762084943,0.24094024300575256,0.006428956985473633,-0.039369285106658936,1.0309864046132662
exp_500_00_02,500,0.0,2,2.00801682472229,0.9535596966743469,50,converged,True,3.9765684604644775,5.000000000000001,68,True,0.00039425204158760607,0.016599785536527634,10.773919105529785,10.773524853488198,2.108988046646118,2.00801682472229,-0.10097122192382812,0.02848275564610958,-0.038495349884033025,0.23386922478675842,0.008016824722290039,-0.046440303325653076,1.0099782448931784
exp_500_00_03,500,0.0,3,2.006911039352417,0.9551962614059448,50,converged,True,3.913902521133423,5.000000000000001,67,True,0.00036464224103838205,0.016090048477053642,10.938203811645508,10.93783916940447,2.093380928039551,2.006911039352417,-0.08646988868713379,0.024396555498242378,-0.03960113525390607,0.23550578951835632,0.006911039352416992,-0.044803738594055176,0.9940622016892428
exp_500_00_04,500,0.0,4,2.006779670715332,0.9580433964729309,50,converged,True,4.089178562164307,5.0,60,True,0.00033493456430733204,0.015415722504258156,10.15627384185791,10.155938907293603,2.0989584922790527,2.006779670715332,-0.0921788215637207,0.02594679966568947,-0.03973250389099103,0.2383529245853424,0.006779670715332031,-0.04195660352706909,1.0385792243564496
exp_500_00_05,500,0.0,5,2.0073721408843994,0.9578291773796082,50,converged,True,3.860548973083496,5.0,56,True,0.0003281263052485883,0.015282385051250458,10.218789100646973,10.218460974341724,2.103795051574707,2.0073721408843994,-0.09642291069030762,0.02717115916311741,-0.03914003372192365,0.23813870549201965,0.007372140884399414,-0.042170822620391846,0.9805113416062265
exp_500_00_06,500,0.0,6,2.006093740463257,0.966093897819519,50,converged,True,4.030864715576172,5.000000000000001,67,True,0.00023866572882980108,0.013184629380702972,10.438287734985352,10.438049069256522,2.113919258117676,2.006093740463257,-0.10782551765441895,0.030117446556687355,-0.04041843414306623,0.24640342593193054,0.006093740463256836,-0.03390610218048096,1.023768535941148
exp_500_00_07,500,0.0,7,2.006963014602661,0.9574345946311951,50,converged,True,3.8959598541259766,5.0,65,True,0.000341307109920308,0.01554653886705637,9.806121826171875,9.805780519061955,2.103200912475586,2.006963014602661,-0.0962378978729248,0.027076777070760727,-0.03954916000366193,0.23774412274360657,0.006963014602661133,-0.04256540536880493,0.9895050807662531
exp_500_00_08,500,0.0,8,2.005582332611084,0.9648701548576355,50,converged,True,3.9470889568328857,4.999999999999999,70,True,0.0002498079265933484,0.013465427793562412,10.105279922485352,10.105030114558758,2.098308563232422,2.005582332611084,-0.09272623062133789,0.025949258357286453,-0.04092984199523908,0.245179682970047,0.005582332611083984,-0.0351298451423645,1.0024909709699026
exp_500_00_09,500,0.0,9,2.007305383682251,0.9572188258171082,50,converged,True,3.949277877807617,5.000000000000001,60,True,0.00034160318318754435,0.015555284917354584,10.577753067016602,10.577411463833414,2.1056160926818848,2.007305383682251,-0.09831070899963379,0.02768086828291416,-0.03920679092407209,0.23752835392951965,0.0073053836822509766,-0.042781174182891846,1.003046918286351
exp_500_00_10,500,0.0,10,2.0065839290618896,0.9595039486885071,50,converged,True,4.030871152877808,5.0,72,True,0.00031022028997540474,0.014581603929400444,9.864580154418945,9.86426993412897,2.0982460975646973,2.0065839290618896,-0.09166216850280762,0.025784090161323547,-0.039928245544433416,0.23981347680091858,0.0065839290618896484,-0.04049605131149292,1.0237701709022138
exp_500_25_01,500,0.25,1,2.001478672027588,0.9899769425392151,50,converged,True,4.042874813079834,5.000000000000002,109,True,2.9496215574909e-05,0.00454282108694315,11.398197174072266,11.39816767785669,2.0902483463287354,2.001478672027588,-0.08876967430114746,0.023796183988451958,-0.034899010658264285,0.22930247306823726,0.0014786720275878906,-0.010023057460784912,1.0268188888568195
exp_500_25_02,500,0.25,2,2.0014255046844482,0.9898517727851868,50,converged,True,3.9988181591033936,5.0,105,True,3.0263870939961635e-05,0.004602988250553608,10.136497497558594,10.136467233687654,2.088198661804199,2.0014255046844482,-0.08677315711975098,0.023249438032507896,-0.03495217800140393,0.22917730331420894,0.0014255046844482422,-0.010148227214813232,1.0156292758773426
exp_500_25_03,500,0.25,3,2.001699447631836,0.9886408448219299,50,converged,True,3.8926501274108887,4.999999999999998,107,True,3.75015297322534e-05,0.005099770613014698,11.105120658874512,11.10508315734478,2.094658374786377,2.001699447631836,-0.09295892715454102,0.025002814829349518,-0.03467823505401624,0.2279663753509521,0.0016994476318359375,-0.011359155178070068,0.9886644685620336
exp_500_25_04,500,0.25,4,2.0015757083892822,0.9881739616394043,50,converged,True,4.074902057647705,4.999305044420445,97,True,4.042014552396722e-05,0.005346101243048906,12.496925354003906,12.496884933858382,2.0857748985290527,2.0015757083892822,-0.08419919013977051,0.022665759548544884,-0.03480197429656995,0.22749949216842646,0.0015757083892822266,-0.011826038360595703,1.0349532440374278
exp_500_25_05,500,0.25,5,2.0013949871063232,0.9900166988372803,50,converged,True,3.8846518993377686,4.998944943229193,101,True,2.94339370157104e-05,0.004567109979689121,11.562227249145508,11.562197815208492,2.0873756408691406,2.0013949871063232,-0.08598065376281738,0.023026680573821068,-0.03498269557952893,0.22934222936630244,0.0013949871063232422,-0.009983301162719727,0.9866330597149692
exp_500_25_06,500,0.25,6,2.0019283294677734,0.9871353507041931,50,converged,True,4.0024254322052,5.0,103,True,4.6261211537057534e-05,0.005587364546954632,12.588109970092773,12.588063708881236,2.0943942070007324,2.0019283294677734,-0.09246587753295898,0.02498718909919262,-0.03444935321807874,0.22646088123321528,0.0019283294677734375,-0.012864649295806885,1.016545459615265
exp_500_25_07,500,0.25,7,2.001551866531372,0.989722490310669,50,converged,True,4.001644611358643,5.000000000000001,117,True,3.087560980929993e-05,0.004587233532220125,10.317256927490234,10.317226051880425,2.093393564224243,2.001551866531372,-0.0918416976928711,0.02463245764374733,-0.034825816154480105,0.2290480208396911,0.0015518665313720703,-0.010277509689331055,1.016347144893408
exp_500_25_08,500,0.25,8,2.0013959407806396,0.9903926253318787,50,converged,True,3.984663486480713,4.998952323599385,109,True,2.7394757125875913e-05,0.004395888186991215,11.204375267028809,11.204347872271683,2.0888893604278564,2.0013959407806396,-0.0874934196472168,0.02341761812567711,-0.03498174190521253,0.22971815586090083,0.0013959407806396484,-0.009607374668121338,1.0120342387103418
exp_500_25_09,500,0.25,9,2.0015830993652344,0.9889519810676575,50,converged,True,3.8798651695251465,5.0,113,True,3.554540307959542e-05,0.004906634800136089,11.763409614562988,11.763374069159909,2.0916197299957275,2.0015830993652344,-0.09003663063049316,0.024182960391044617,-0.0347945833206178,0.22827751159667964,0.001583099365234375,-0.01104801893234253,0.9854173147773438
exp_500_25_10,500,0.25,10,2.0013608932495117,0.9893302321434021,50,converged,True,3.9574668407440186,4.999999999999999,115,True,3.350835322635248e-05,0.004771241918206215,10.231234550476074,10.231201042122848,2.078392267227173,2.0013608932495117,-0.07703137397766113,0.02069338597357273,-0.035016789436340456,0.22865576267242427,0.0013608932495117188,-0.0106697678565979,1.0051267704242508
exp_500_50_01,500,0.5,1,2.000398635864258,0.9968964457511902,50,converged,True,3.965714693069458,4.997956793793267,158,True,3.7785266613354906e-06,0.0016262762947008014,9.934124946594238,9.934121168067577,2.0844926834106445,2.000398635864258,-0.08409404754638672,0.021517278626561165,-0.029560542106628507,0.21349069535732268,0.0003986358642578125,-0.0031035542488098145,1.007221579428196
exp_500_50_02,500,0.5,2,2.000375509262085,0.996854841709137,50,converged,True,3.9046823978424072,4.997914937421881,159,True,3.891955202561803e-06,0.0016644187271595001,11.262812614440918,11.262808722485715,2.077033519744873,2.000375509262085,-0.07665801048278809,0.019638752564787865,-0.02958366870880136,0.21344909131526946,0.00037550926208496094,-0.003145158290863037,0.9917204530102646
exp_500_50_03,500,0.5,3,2.0004305839538574,0.9964998960494995,50,converged,True,4.220262289047241,5.0,162,True,4.625791461876361e-06,0.0017985935555770993,11.916869163513184,11.916864537721722,2.075185537338257,2.0004305839538574,-0.07475495338439941,0.01926761120557785,-0.029528594017028897,0.213094145655632,0.0004305839538574219,-0.0035001039505004883,1.0718721787535728
exp_500_50_04,500,0.5,4,2.0004756450653076,0.9966961741447449,50,converged,True,3.8668200969696045,4.999571755221544,158,True,4.214941782265669e-06,0.0017070398898795247,11.360736846923828,11.360732631982046,2.090704917907715,2.0004756450653076,-0.09022927284240723,0.023179031908512115,-0.029483532905578702,0.21329042375087737,0.0004756450653076172,-0.003303825855255127,0.9821040964547775
exp_500_50_05,500,0.5,5,2.000466823577881,0.9967371821403503,50,converged,True,3.951262950897217,4.999885032142721,156,True,4.142553734709509e-06,0.0017042069230228662,14.372929573059082,14.372925430505347,2.0949885845184326,2.000466823577881,-0.09452176094055176,0.024222224950790405,-0.02949235439300546,0.21333143174648284,0.0004668235778808594,-0.003262817859649658,1.0035510918357193
exp_500_50_06,500,0.5,6,2.00050687789917,0.9961552023887634,50,converged,True,4.072964668273926,5.0,158,True,5.531435363081982e-06,0.001944471849128604,12.438701629638672,12.438696098203309,2.085954189300537,2.00050687789917,-0.08544731140136719,0.022047504782676697,-0.029452300071716397,0.21274945199489592,0.0005068778991699219,-0.0038447976112365723,1.0344611813107683
exp_500_50_07,500,0.5,7,2.0004265308380127,0.996731162071228,50,converged,True,3.915912628173828,4.999844404740272,151,True,4.171251475781901e-06,0.001702523441053927,15.8505220413208,15.850517870069325,2.0866827964782715,2.0004265308380127,-0.08625626564025879,0.02210499905049801,-0.029532647132873624,0.21332541167736052,0.0004265308380126953,-0.0032688379287719727,0.9945727334205332
exp_500_50_08,500,0.5,8,2.0003843307495117,0.9971126317977905,50,converged,True,3.9612748622894287,4.9964172412006285,161,True,3.280422561147134e-06,0.0015160422772169113,11.083232879638672,11.08322959921611,2.085073709487915,2.0003843307495117,-0.08468937873840332,0.021634379401803017,-0.0295748472213746,0.21370688140392302,0.00038433074951171875,-0.0028873682022094727,1.0060939407257776
exp_500_50_09,500,0.5,9,2.000401020050049,0.9967436790466309,50,converged,True,3.9790921211242676,5.0,162,True,4.084450210939394e-06,0.0016917854081839323,11.97969913482666,11.97969505037645,2.077390193939209,2.000401020050049,-0.07698917388916016,0.019768990576267242,-0.02955815792083749,0.21333792865276335,0.0004010200500488281,-0.0032563209533691406,1.0106192101850429
exp_500_50_10,500,0.5,10,2.0004377365112305,0.996692419052124,50,converged,True,3.9866654872894287,5.0,155,True,4.196943791612284e-06,0.0016778209246695042,10.805356979370117,10.805352782426326,2.083002805709839,2.0004377365112305,-0.0825650691986084,0.02121458575129509,-0.02952144145965585,0.21328666865825652,0.00043773651123046875,-0.0033075809478759766,1.0125427116017718
exp_500_75_01,500,0.75,1,2.0001537799835205,0.9987195134162903,50,converged,True,4.023177862167358,5.000000000000001,202,True,7.538441195720225e-07,0.000697091338224709,12.130705833435059,12.130705079590939,2.0772995948791504,2.0001537799835205,-0.07714581489562988,0.019115516915917397,-0.024514946937561177,0.19554319024085998,0.0001537799835205078,-0.0012804865837097168,1.0218162107663722
exp_500_75_02,500,0.75,2,2.0001654624938965,0.9985635876655579,50,converged,True,3.915863513946533,5.0,200,True,9.412266308572725e-07,0.0007752351812086999,16.051088333129883,16.051087391903252,2.077693223953247,2.0001654624938965,-0.07752776145935059,0.01925872638821602,-0.0245032644271852,0.19538726449012755,0.00016546249389648438,-0.0014364123344421387,0.9945602592731431
exp_500_75_03,500,0.75,3,2.0001821517944336,0.9984703063964844,50,converged,True,3.872899055480957,5.000000000000001,202,True,1.0580785101410584e-06,0.0008294029394164681,13.740655899047852,13.740654840969341,2.0776922702789307,2.0001821517944336,-0.07751011848449707,0.01932169869542122,-0.02448657512664809,0.19529398322105407,0.00018215179443359375,-0.001529693603515625,0.9836480446878119
exp_500_75_04,500,0.75,4,2.0001630783081055,0.9986310601234436,50,converged,True,3.9152004718780518,5.0,202,True,8.597277769695211e-07,0.0007469758857041597,11.77771282196045,11.777711962232672,2.078643321990967,2.0001630783081055,-0.07848024368286133,0.01947561651468277,-0.024505648612976216,0.1954547369480133,0.00016307830810546875,-0.0013689398765563965,0.9943918582833768
exp_500_75_05,500,0.75,5,2.0001609325408936,0.9986453652381897,50,converged,True,3.9121575355529785,4.999770536256886,204,True,8.451610824522504e-07,0.0007423071656376123,12.386110305786133,12.38610946062505,2.079726219177246,2.0001609325408936,-0.07956528663635254,0.01972593180835247,-0.02450779438018813,0.1954690420627594,0.0001609325408935547,-0.0013546347618103027,0.9936190061322133
exp_500_75_06,500,0.75,6,2.0001466274261475,0.9987147450447083,50,converged,True,3.871976852416992,4.998166900434064,205,True,7.685434297854954e-07,0.0007128443685360253,12.98824691772461,12.98824614918118,2.07532000541687,2.0001466274261475,-0.07517337799072266,0.018611762672662735,-0.024522099494934224,0.19553842186927795,0.00014662742614746094,-0.001285254955291748,0.9834138213766233
exp_500_75_07,500,0.75,7,2.000175714492798,0.9985366463661194,50,converged,True,3.733043909072876,5.0,200,True,9.6736732757563e-07,0.0007904498488642275,11.131732940673828,11.1317319733065,2.0791475772857666,2.000175714492798,-0.07897186279296875,0.019647298380732536,-0.024493012428283834,0.19536032319068908,0.00017571449279785156,-0.0014633536338806152,0.9481273044534004
exp_500_75_08,500,0.75,8,2.0001718997955322,0.998602032661438,50,converged,True,3.827925682067871,5.0,204,True,8.879965776031895e-07,0.0007580192177556455,10.960108757019043,10.960107869022465,2.078686237335205,2.0001718997955322,-0.07851433753967285,0.019522065296769142,-0.02449682712554946,0.19542570948600768,0.00017189979553222656,-0.0013979673385620117,0.9722256011417579
exp_500_75_09,500,0.75,9,2.0001752376556396,0.998619794845581,50,converged,True,3.874790906906128,5.0,207,True,8.758729563851375e-07,0.0007540855440311134,14.856001853942871,14.856000978069915,2.084496021270752,2.0001752376556396,-0.0843207836151123,0.020924877375364304,-0.024493489265442037,0.19544347167015075,0.00017523765563964844,-0.0013802051544189453,0.9841285415787845
exp_500_75_10,500,0.75,10,2.000187397003174,0.9984614849090576,50,converged,True,3.949342727661133,5.0,201,True,1.066043296304997e-06,0.0008298065513372421,11.442867279052734,11.442866213009438,2.0791208744049072,2.000187397003174,-0.0789334774017334,0.019684139639139175,-0.024481329917907857,0.1952851617336273,0.00018739700317382812,-0.0015385150909423828,1.0030633890052352
exp_500_100_01,500,1.0,1,2.0000712871551514,0.9993488192558289,50,converged,True,3.955490827560425,5.0,250,True,2.2226095097721554e-07,0.0003526642394717783,15.341792106628418,15.341791884367467,2.073770046234131,2.0000712871551514,-0.07369875907897949,0.017792517319321632,-0.02093206882476828,0.18722932577133178,7.128715515136719e-05,-0.0006511807441711426,1.0046248979311974
exp_500_100_02,500,1.0,2,2.000072717666626,0.9993266463279724,50,converged,True,3.762418031692505,5.0,250,True,2.3648291858080484e-07,0.00036450434708967805,10.648259162902832,10.648258926419913,2.0722129344940186,2.000072717666626,-0.07214021682739258,0.0174409169703722,-0.02093063831329367,0.18720715284347533,7.271766662597656e-05,-0.0006733536720275879,0.9555878134584899
exp_500_100_03,500,1.0,3,2.0000665187835693,0.9994131326675415,50,converged,True,3.7818212509155273,5.0,250,True,1.8220580955130572e-07,0.0003196413454134017,12.133493423461914,12.133493241256105,2.074981927871704,2.0000665187835693,-0.07491540908813477,0.018031522631645203,-0.02093683719635031,0.18729363918304442,6.651878356933594e-05,-0.0005868673324584961,0.9605158888810508
exp_500_100_04,500,1.0,4,2.000068426132202,0.9993777871131897,50,converged,True,3.917187452316284,5.0,250,True,2.0346524820524792e-07,0.0003378441324457526,12.823847770690918,12.82384756722567,2.072744607925415,2.000068426132202,-0.07267618179321289,0.017529087141156197,-0.0209349298477175,0.18725829362869262,6.842613220214844e-05,-0.0006222128868103027,0.9948965162656536
exp_500_100_05,500,1.0,5,2.0000665187835693,0.9993639588356018,50,converged,True,3.9555020332336426,5.0,250,True,2.137708463578747e-07,0.0003452529781498015,14.290244102478027,14.290243888707181,2.06974720954895,2.0000665187835693,-0.06968069076538086,0.016814598813652992,-0.02093683719635031,0.18724446535110473,6.651878356933594e-05,-0.0006360411643981934,1.004627743974534
exp_500_100_06,500,1.0,6,2.000065803527832,0.9993889331817627,50,converged,True,3.8746109008789062,4.999604660037098,250,True,1.9734744682864402e-07,0.0003315782523714006,12.425142288208008,12.425142090860561,2.0715506076812744,2.000065803527832,-0.07148480415344238,0.01722744293510914,-0.020937552452087616,0.18726943969726562,6.580352783203125e-05,-0.0006110668182373047,0.9840828232230586
exp_500_100_07,500,1.0,7,2.0000734329223633,0.9993506073951721,50,converged,True,3.7878494262695312,5.0,250,True,2.197575099671667e-07,0.0003522520128171891,11.127281188964844,11.127280969207334,2.0756032466888428,2.0000734329223633,-0.07552981376647949,0.018237963318824768,-0.020929923057556366,0.18723111391067504,7.343292236328125e-05,-0.0006493926048278809,0.9620469390879002
exp_500_100_08,500,1.0,8,2.000072479248047,0.9993453025817871,50,converged,True,3.9431447982788086,5.000000000000001,250,True,2.2400944033051928e-07,0.0003544633509591222,12.509980201721191,12.509979977711751,2.073246479034424,2.000072479248047,-0.07317399978637695,0.017679346725344658,-0.020930876731872772,0.18722580909729003,7.2479248046875e-05,-0.0006546974182128906,1.0014892242695421
exp_500_100_09,500,1.0,9,2.0000648498535156,0.9993897676467896,50,converged,True,3.8571557998657227,4.9998819516410595,250,True,1.9686950736286235e-07,0.00033063770388253033,13.057502746582031,13.057502549712524,2.071157693862915,2.0000648498535156,-0.07109284400939941,0.017128584906458855,-0.020938506126404022,0.18727027416229247,6.4849853515625e-05,-0.0006102323532104492,0.9796495354622667
exp_500_100_10,500,1.0,10,2.0000662803649902,0.9994187355041504,50,converged,True,3.8343467712402344,4.99984507007941,250,True,1.7851156997039652e-07,0.00031603884417563677,13.12092399597168,13.12092381746011,2.076380729675293,2.0000662803649902,-0.07631444931030273,0.018354928120970726,-0.020937075614929412,0.1872992420196533,6.628036499023438e-05,-0.0005812644958496094,0.9738564445277281
exp_1000_00_01,1000,0.0,1,2.000375747680664,0.9980013966560364,50,converged,True,5.316126346588135,5.000000000000001,128,True,8.463191534247017e-07,0.0007794697303324938,5.387332916259766,5.387332069940612,2.1095335483551025,2.000375747680664,-0.10915780067443848,0.027598679065704346,-0.046136426925659,0.2783109247684479,0.0003757476806640625,-0.001998603343963623,1.0307638118661806
exp_1000_00_02,1000,0.0,2,2.0005385875701904,0.9966943860054016,50,converged,True,5.1222991943359375,5.000000000000001,127,True,2.08417372959957e-06,0.001202319865114987,4.90573787689209,4.90573579271836,2.0928685665130615,2.0005385875701904,-0.0923299789428711,0.023808518424630165,-0.045973587036132635,0.2770039141178131,0.0005385875701904297,-0.0033056139945983887,0.9931819333942993
exp_1000_00_03,1000,0.0,3,2.000364065170288,0.9974445104598999,50,converged,True,5.4042274951934814,5.0,130,True,1.3091514574625762e-06,0.000962877064011991,5.283792972564697,5.28379166341324,2.081270456314087,2.000364065170288,-0.08090639114379883,0.020661333575844765,-0.04614810943603498,0.2777540385723114,0.00036406517028808594,-0.0025554895401000977,1.0478460762530153
exp_1000_00_04,1000,0.0,4,2.0004677772521973,0.9974079728126526,50,converged,True,5.0647828578948975,5.000000000000001,120,True,1.361751060358074e-06,0.0009826819878071547,5.048028469085693,5.048027107334633,2.1089236736297607,2.0004677772521973,-0.10845589637756348,0.027652788907289505,-0.0460443973541258,0.2777175009250641,0.0004677772521972656,-0.002592027187347412,0.9820298737310459
exp_1000_00_05,1000,0.0,5,2.0005342960357666,0.9966346025466919,50,converged,True,5.772505760192871,5.000000000000001,105,True,2.134051328539499e-06,0.0012314465129747987,5.0180206298828125,5.018018495831484,2.091826915740967,2.0005342960357666,-0.0912926197052002,0.023544058203697205,-0.04597787857055646,0.2769441306591034,0.0005342960357666016,-0.0033653974533081055,1.1192529397301907
exp_1000_00_06,1000,0.0,6,2.00038480758667,0.9976495504379272,50,converged,True,5.222898721694946,5.0,129,True,1.1369004369043978e-06,0.0008983910083770752,6.2958455085754395,6.2958443716750025,2.098790407180786,2.00038480758667,-0.09840559959411621,0.024998804554343224,-0.04612736701965314,0.27795907855033875,0.0003848075866699219,-0.002350449562072754,1.0126875556335184
exp_1000_00_07,1000,0.0,7,2.000408887863159,0.9975111484527588,50,converged,True,5.043510675430298,5.0,133,True,1.247704062734556e-06,0.0009430870995856822,5.481525421142578,5.481524173438515,2.096006393432617,2.000408887863159,-0.09559750556945801,0.024366842582821846,-0.046103286743163885,0.2778206765651703,0.0004088878631591797,-0.002488851547241211,0.9779053299458901
exp_1000_00_08,1000,0.0,8,2.0004429817199707,0.9971385598182678,50,converged,True,5.364654779434204,5.0,115,True,1.6112772982523893e-06,0.001072973245754838,5.385565757751465,5.385564146474167,2.0890045166015625,2.0004429817199707,-0.0885615348815918,0.022705869749188423,-0.04606919288635236,0.2774480879306793,0.0004429817199707031,-0.0028614401817321777,1.0401731729616726
exp_1000_00_09,1000,0.0,9,2.0003623962402344,0.9976939558982849,50,converged,True,5.287847280502319,5.0,128,True,1.1066363185818773e-06,0.0008952445932663977,5.968734264373779,5.968733157737461,2.0936009883880615,2.0003623962402344,-0.09323859214782715,0.023680554702878,-0.04614977836608869,0.2780034840106964,0.000362396240234375,-0.002306044101715088,1.0252806769566165
exp_1000_00_10,1000,0.0,10,2.000523567199707,0.997043251991272,50,converged,True,5.202383518218994,5.0,128,True,1.7409342945029493e-06,0.001104332972317934,5.331266403198242,5.331264662263948,2.103595018386841,2.000523567199707,-0.10307145118713379,0.026440804824233055,-0.04598860740661603,0.27735278010368347,0.0005235671997070312,-0.0029567480087280273,1.0087097853629425
exp_1000_25_01,1000,0.25,1,2.0000205039978027,0.9998383522033691,50,converged,True,5.008415699005127,5.000000000000001,204,True,8.382007976592831e-09,7.721555448370054e-05,5.44342565536499,5.443425646982982,2.0716302394866943,2.0000205039978027,-0.0716097354888916,0.016590269282460213,-0.03635717868804944,0.2391638827323913,2.0503997802734375e-05,-0.00016164779663085938,0.9711006324426827
exp_1000_25_02,1000,0.25,2,2.000016450881958,0.9998713731765747,50,converged,True,5.194451808929443,4.998132759530357,224,True,5.4530611137693086e-09,6.191802094690502e-05,6.674814224243164,6.674814218790103,2.0774550437927246,2.000016450881958,-0.0774385929107666,0.017766818404197693,-0.03636123180389417,0.23919690370559687,1.6450881958007812e-05,-0.00012862682342529297,1.0071718762974144
exp_1000_25_03,1000,0.25,3,2.000035285949707,0.9997889399528503,50,converged,True,4.990482807159424,4.999999999999999,210,True,1.3983760815960977e-08,9.879303252091631e-05,5.856121063232422,5.856121049248661,2.0976500511169434,2.000035285949707,-0.09761476516723633,0.02278333343565464,-0.036342396736145144,0.2391144704818725,3.528594970703125e-05,-0.0002110600471496582,0.9676235563253094
exp_1000_25_04,1000,0.25,4,2.0000178813934326,0.9998680353164673,50,converged,True,5.048044204711914,5.000000000000001,222,True,5.664957836160056e-09,6.261491944314912e-05,5.782649993896484,5.782649988231526,2.0800838470458984,2.0000178813934326,-0.08006596565246582,0.018399758264422417,-0.03635980129241956,0.23919356584548945,1.7881393432617188e-05,-0.00013196468353271484,0.9787843530576197
exp_1000_25_05,1000,0.25,5,2.0000200271606445,0.999889612197876,50,converged,True,5.053943634033203,4.997419829634786,219,True,4.169759648675608e-09,5.475604484672658e-05,5.783682346343994,5.7836823421742345,2.106849431991577,2.0000200271606445,-0.10682940483093262,0.024406464770436287,-0.036357655525207644,0.23921514272689814,2.002716064453125e-05,-0.00011038780212402344,0.979928215685894
exp_1000_25_06,1000,0.25,6,2.0000181198120117,0.9998815655708313,50,converged,True,4.9517481327056885,4.99711442793208,225,True,4.733586411731494e-09,5.828368739457801e-05,5.710504055023193,5.710504050289607,2.091667890548706,2.0000181198120117,-0.09164977073669434,0.020974423736333847,-0.036359562873840456,0.23920709609985347,1.811981201171875e-05,-0.00011843442916870117,0.9601131440272735
exp_1000_25_07,1000,0.25,7,2.0000269412994385,0.9998556971549988,50,converged,True,5.199277639389038,5.0,215,True,6.805786600949659e-09,6.942200707271695e-05,5.984495162963867,5.984495156158081,2.1033105850219727,2.0000269412994385,-0.10328364372253418,0.023845000192523003,-0.0363507413864137,0.23918122768402095,2.6941299438476562e-05,-0.0001443028450012207,1.0081075747883173
exp_1000_25_08,1000,0.25,8,2.0000181198120117,0.9998911023139954,50,converged,True,5.228418350219727,4.997239013839994,228,True,4.0264094280928475e-09,5.3235769883031026e-05,5.85748291015625,5.857482906129841,2.096534490585327,2.0000181198120117,-0.09651637077331543,0.022052381187677383,-0.036359562873840456,0.23921663284301753,1.811981201171875e-05,-0.00010889768600463867,1.0137577772511703
exp_1000_25_09,1000,0.25,9,2.0000293254852295,0.9998133182525635,50,converged,True,5.012751579284668,4.999999999999999,214,True,1.0955853113614467e-08,8.719289326108992e-05,6.605887413024902,6.605887402069049,2.094282627105713,2.0000293254852295,-0.0942533016204834,0.02189292572438717,-0.03634835720062268,0.23913884878158564,2.9325485229492188e-05,-0.00018668174743652344,0.9719413326430464
exp_1000_25_10,1000,0.25,10,2.000018835067749,0.9998483657836914,50,converged,True,5.371329069137573,4.9996018978121946,208,True,7.472032770294845e-09,7.239818660309538e-05,7.062866687774658,7.062866680302625,2.0752499103546143,2.000018835067749,-0.07523107528686523,0.017346948385238647,-0.03635884761810315,0.23917389631271357,1.8835067749023438e-05,-0.00015163421630859375,1.0414672761954227
exp_1000_50_01,1000,0.5,1,2.000002861022949,0.9999796748161316,50,converged,True,5.04712986946106,5.0,314,True,1.7344192748680598e-10,1.0803580153151415e-05,6.212934494018555,6.212934493845113,2.078871726989746,2.000002861022949,-0.07886886596679688,0.01713944599032402,-0.0299563169479371,0.21657392442226409,2.86102294921875e-06,-2.0325183868408203e-05,0.9786070691431583
exp_1000_50_02,1000,0.5,2,2.000001907348633,0.9999849796295166,50,converged,True,5.129513740539551,4.997742061131081,311,True,9.84537243398087e-11,8.293032806250267e-06,6.92891788482666,6.9289178847282065,2.0735549926757812,2.000001907348633,-0.07355308532714844,0.015838630497455597,-0.029957270622253507,0.2165792292356491,1.9073486328125e-06,-1.5020370483398438e-05,0.994580789000975
exp_1000_50_03,1000,0.5,3,2.000002384185791,0.9999827742576599,50,converged,True,4.877312898635864,5.000000000000001,315,True,1.2506892743679998e-10,9.165883056994062e-06,6.980509281158447,6.980509281033378,2.08086895942688,2.000002384185791,-0.08086657524108887,0.017485681921243668,-0.029956793785095304,0.2165770238637924,2.384185791015625e-06,-1.722574234008789e-05,0.9456806154143662
exp_1000_50_04,1000,0.5,4,2.00000262260437,0.9999807476997375,50,converged,True,5.528037071228027,5.0,315,True,1.5822636256768163e-10,1.043534302880289e-05,5.857618808746338,5.857618808588112,2.083050012588501,2.00000262260437,-0.08304738998413086,0.018032129853963852,-0.029956555366516202,0.21657499730587004,2.6226043701171875e-06,-1.9252300262451172e-05,1.0718519824747155
exp_1000_50_05,1000,0.5,5,2.000002145767212,0.9999860525131226,50,converged,True,5.02917218208313,4.999999999999999,314,True,8.472642032408828e-11,7.585525509057334e-06,6.298378944396973,6.298378944312247,2.085843801498413,2.000002145767212,-0.08584165573120117,0.018481090664863586,-0.029957032203674405,0.21658030211925505,2.1457672119140625e-06,-1.3947486877441406e-05,0.9751251853264097
exp_1000_50_06,1000,0.5,6,2.000001907348633,0.9999869465827942,50,converged,True,5.252206087112427,4.999782296796778,327,True,7.682721819834981e-11,7.312894013011828e-06,5.851487159729004,5.8514871596521765,2.080636501312256,2.000001907348633,-0.08063459396362305,0.017329847440123558,-0.029957270622253507,0.21658119618892668,1.9073486328125e-06,-1.3053417205810547e-05,1.0183700713835184
exp_1000_50_07,1000,0.5,7,2.0000016689300537,0.9999880790710449,50,converged,True,4.945969581604004,4.997545989191042,330,True,6.452327561135007e-11,6.649017450399697e-06,6.5650105476379395,6.565010547573416,2.081439971923828,2.0000016689300537,-0.08143830299377441,0.01744803972542286,-0.02995750904083261,0.21658232867717742,1.6689300537109375e-06,-1.1920928955078125e-05,0.9589927189334534
exp_1000_50_08,1000,0.5,8,2.0000016689300537,0.9999882578849792,50,converged,True,5.12687873840332,4.994297289413328,326,True,6.09109498950211e-11,6.582140940736281e-06,4.959748268127441,4.95974826806653,2.0858542919158936,2.0000016689300537,-0.08585262298583984,0.018396448343992233,-0.02995750904083261,0.21658250749111174,1.6689300537109375e-06,-1.1742115020751953e-05,0.9940698784866002
exp_1000_50_09,1000,0.5,9,2.000002145767212,0.999985933303833,50,converged,True,4.994364261627197,4.998103521228308,319,True,8.737127688007718e-11,7.799268132657744e-06,5.631852626800537,5.631852626713166,2.0890448093414307,2.000002145767212,-0.08904266357421875,0.01915990374982357,-0.029957032203674405,0.2165801829099655,2.1457672119140625e-06,-1.4066696166992188e-05,0.9683761461890463
exp_1000_50_10,1000,0.5,10,2.0000016689300537,0.9999873638153076,50,converged,True,5.16298508644104,4.997424122830064,315,True,7.13234679650121e-11,7.047057351883268e-06,5.599830627441406,5.599830627370083,2.072004556655884,2.0000016689300537,-0.07200288772583008,0.015448342077434063,-0.02995750904083261,0.2165816134214401,1.6689300537109375e-06,-1.2636184692382812e-05,1.0010706746508624
exp_1000_75_01,1000,0.75,1,2.000000476837158,0.9999969601631165,50,converged,True,5.077195644378662,4.999999999999999,410,True,3.5210092220322453e-12,1.2968778264621506e-06,5.146848201751709,5.146848201748188,2.0695858001708984,2.000000476837158,-0.06958532333374023,0.014394186437129974,-0.024668250083923482,0.19682063698768615,4.76837158203125e-07,-3.039836883544922e-06,0.9844366357750101
exp_1000_75_02,1000,0.75,2,2.000000476837158,0.999997079372406,50,converged,True,5.175882816314697,5.0,404,True,3.3053453637327257e-12,1.2561082485262887e-06,7.348977088928223,7.348977088924918,2.0699307918548584,2.000000476837158,-0.0699303150177002,0.014405605383217335,-0.024668250083923482,0.1968207561969757,4.76837158203125e-07,-2.9206275939941406e-06,1.003571464199915
exp_1000_75_03,1000,0.75,3,2.000000476837158,0.9999971389770508,50,converged,True,5.14487361907959,5.0,408,True,3.589818112909038e-12,1.5321969613069086e-06,5.383273124694824,5.383273124691234,2.0736660957336426,2.000000476837158,-0.07366561889648438,0.015101944096386433,-0.024668250083923482,0.19682081580162047,4.76837158203125e-07,-2.86102294921875e-06,0.9975589738524117
exp_1000_75_04,1000,0.75,4,2.000000476837158,0.9999971389770508,50,converged,True,4.983523845672607,4.999999999999999,398,True,3.5610412188469276e-12,1.512289031779801e-06,6.677680492401123,6.677680492397562,2.0773048400878906,2.000000476837158,-0.07730436325073242,0.01592080295085907,-0.024668250083923482,0.19682081580162047,4.76837158203125e-07,-2.86102294921875e-06,0.9662742570045013
exp_1000_75_05,1000,0.75,5,2.000000238418579,0.9999976754188538,50,converged,True,5.283225059509277,5.0,405,True,2.8110350418913965e-12,1.2379884992697043e-06,8.643396377563477,8.643396377560666,2.0808565616607666,2.000000238418579,-0.0808563232421875,0.016557158902287483,-0.024668488502502584,0.19682135224342345,2.384185791015625e-07,-2.3245811462402344e-06,1.0243844570740448
exp_1000_75_06,1000,0.75,6,2.000000476837158,0.9999970197677612,50,converged,True,5.2495903968811035,4.999999999999998,411,True,3.5755647574686744e-12,1.3201237152316025e-06,7.446625232696533,7.446625232692957,2.0789918899536133,2.000000476837158,-0.07899141311645508,0.016313746571540833,-0.024668250083923482,0.19682069659233092,4.76837158203125e-07,-2.9802322387695312e-06,1.017862905327311
exp_1000_75_07,1000,0.75,7,2.000000476837158,0.999997079372406,50,converged,True,5.505758285522461,4.9982269477484245,414,True,3.5316389569717277e-12,1.4721155139341136e-06,6.606566429138184,6.606566429134652,2.070728302001953,2.000000238418579,-0.07072806358337402,0.014497186988592148,-0.024668250083923482,0.1968207561969757,4.76837158203125e-07,-2.9206275939941406e-06,1.0675322645860768
exp_1000_75_08,1000,0.75,8,2.000000476837158,0.999997079372406,50,converged,True,5.2631001472473145,4.99990950932891,400,True,3.605521263494449e-12,1.3239383633845137e-06,7.1223063468933105,7.122306346889705,2.065910816192627,2.000000476837158,-0.06591033935546875,0.013619732111692429,-0.024668250083923482,0.1968207561969757,4.76837158203125e-07,-2.9206275939941406e-06,1.0204823618407501
exp_1000_75_09,1000,0.75,9,2.000000476837158,0.9999966025352478,50,converged,True,5.320931673049927,4.999999999999999,406,True,6.905693898662246e-12,1.9296408027003054e-06,6.848507404327393,6.848507404320487,2.0695464611053467,2.000000476837158,-0.06954598426818848,0.014454394578933716,-0.024668250083923482,0.1968202793598175,4.76837158203125e-07,-3.3974647521972656e-06,1.0316955347595231
exp_1000_75_10,1000,0.75,10,2.000000476837158,0.9999969601631165,50,converged,True,5.090219020843506,4.999677809445022,417,True,3.501668356317711e-12,1.315593749495747e-06,6.536200046539307,6.5362000465358046,2.071120023727417,2.000000476837158,-0.07111954689025879,0.014694646932184696,-0.024668250083923482,0.19682063698768615,4.76837158203125e-07,-3.039836883544922e-06,0.9869617874160892
exp_1000_100_01,1000,1.0,1,2.000000238418579,0.999997615814209,50,converged,True,5.276675224304199,5.0,500,True,2.576726375672078e-12,1.1335611134200008e-06,5.71703577041626,5.717035770413683,2.0642194747924805,2.000000238418579,-0.06421923637390137,0.012784321792423725,-0.021003117561340545,0.1878781223297119,2.384185791015625e-07,-2.384185791015625e-06,1.0231144847929279
exp_1000_100_02,1000,1.0,2,2.000000238418579,0.9999975562095642,50,converged,True,5.158104658126831,5.0,500,True,2.703927793473726e-12,1.1613368542384706e-06,5.576335906982422,5.576335906979718,2.0676426887512207,2.000000238418579,-0.0676424503326416,0.013459447771310806,-0.021003117561340545,0.18787806272506713,2.384185791015625e-07,-2.4437904357910156e-06,1.0001243899757581
exp_1000_100_03,1000,1.0,3,2.000000238418579,0.9999977946281433,50,converged,True,4.947373390197754,4.999996280169306,500,True,2.1657057657636924e-12,1.0390281204308849e-06,7.148291110992432,7.148291110990266,2.064889430999756,2.000000238418579,-0.06488919258117676,0.012939972802996635,-0.021003117561340545,0.18787830114364623,2.384185791015625e-07,-2.205371856689453e-06,0.9592649086826968
exp_1000_100_04,1000,1.0,4,2.000000238418579,0.9999977350234985,50,converged,True,5.110259771347046,4.999999999999998,500,True,2.3042475046086697e-12,1.0715723419707501e-06,7.706132888793945,7.706132888791641,2.0652077198028564,2.000000238418579,-0.06520748138427734,0.012981479987502098,-0.021003117561340545,0.18787824153900146,2.384185791015625e-07,-2.2649765014648438e-06,0.9908475642082352
exp_1000_100_05,1000,1.0,5,2.000000238418579,0.9999978542327881,50,converged,True,5.036757946014404,4.999998845527747,500,True,2.1204301335620013e-12,1.027822463584016e-06,7.272610664367676,7.272610664365556,2.0584452152252197,2.000000238418579,-0.058444976806640625,0.01169524248689413,-0.021003117561340545,0.187878360748291,2.384185791015625e-07,-2.1457672119140625e-06,0.9765960177400779
exp_1000_100_06,1000,1.0,6,2.000000238418579,0.9999977350234985,50,converged,True,5.085660219192505,4.999739549596671,500,True,2.3088803004917002e-12,1.0727643484642613e-06,7.233199596405029,7.23319959640272,2.063948392868042,2.000000238418579,-0.06394815444946289,0.012696483172476292,-0.021003117561340545,0.18787824153900146,2.384185791015625e-07,-2.2649765014648438e-06,0.9860778641492272
exp_1000_100_07,1000,1.0,7,2.000000238418579,0.9999977350234985,50,converged,True,5.03589129447937,5.0,500,True,2.308070184628419e-12,1.0724068033596268e-06,7.459454536437988,7.45945453643568,2.0658130645751953,2.000000238418579,-0.06581282615661621,0.013109171763062477,-0.021003117561340545,0.18787824153900146,2.384185791015625e-07,-2.2649765014648438e-06,0.9764279794013381
exp_1000_100_08,1000,1.0,8,2.000000238418579,0.9999976754188538,50,converged,True,4.929906606674194,5.0,500,True,2.415305368902443e-12,1.0972023574140621e-06,6.940408706665039,6.940408706662624,2.067770481109619,2.000000238418579,-0.06777024269104004,0.01345373596996069,-0.021003117561340545,0.18787818193435668,2.384185791015625e-07,-2.3245811462402344e-06,0.9558782080680019
exp_1000_100_09,1000,1.0,9,2.000000238418579,0.9999978542327881,50,converged,True,4.814777135848999,5.0,500,True,2.0568648780722176e-12,1.012444499792764e-06,5.878986835479736,5.878986835477679,2.0643365383148193,2.000000238418579,-0.06433629989624023,0.012808240018785,-0.021003117561340545,0.187878360748291,2.384185791015625e-07,-2.1457672119140625e-06,0.9335553202227803
exp_1000_100_10,1000,1.0,10,2.000000238418579,0.9999979138374329,50,converged,True,5.4297802448272705,5.0,500,True,1.9299620495488723e-12,9.80734853328613e-07,6.033114433288574,6.033114433286644,2.063831329345703,2.000000238418579,-0.06383109092712402,0.012686138972640038,-0.021003117561340545,0.18787842035293578,2.384185791015625e-07,-2.086162567138672e-06,1.0528005953706978
